asm0,con0,eng0,idm0,asm1,con1,eng1,idm1,asm2,con2,eng2,idm2,asm3,con3,eng3,idm3,divide
0.6789270771451829,4.395411458333334,1.1109711727746177,0.8880397500473521,0.6781463333165147,3.8270708333333334,1.1170240523448318,0.8753643952357816,0.6759309597951935,4.718475,1.1219964139239667,0.8753643952357816,0.6756285670800782,4.393561979166669,1.1236919678681994,0.8795533265040268,nine
0.648125645735677,4.633113541666669,1.2113278366762288,0.8807833847886964,0.6474387674403211,3.9921843750000026,1.2182691775290708,0.8639490538797473,0.644389407143284,5.106518750000002,1.2280342354771068,0.8639490538797473,0.6440516113867192,4.808192708333334,1.230220747882462,0.8672084383331917,nine
0.5848552632416452,5.947587499999998,1.4064473140134774,0.8530941669891806,0.5847098665440539,4.968125,1.4110148387824477,0.8337833080638509,0.5819314075176322,6.36524375,1.4181210931741515,0.8337833080638509,0.5820603321120881,5.886608333333334,1.4210997830759358,0.840036366670072,nine
0.6991527437407773,4.070322916666668,1.0457017139946436,0.895705748621269,0.6985439502631291,3.5532572916666654,1.051027569027128,0.884051214900621,0.6962610508661561,4.3929187500000015,1.056052615303849,0.884051214900621,0.6958516152105034,4.100258854166666,1.0573152571983202,0.8877597346250727,nine
0.6460156111138238,4.889811458333333,1.2105266353364625,0.8768721118357206,0.6455653154047305,4.236529166666666,1.2156468327038985,0.8622083126544218,0.6431181910077585,5.267848958333331,1.2213636819939175,0.8622083126544218,0.6433288145654291,4.855654166666669,1.2219074338545781,0.8674388130062658,nine
0.5674435231217447,6.130371875000003,1.4564377179367596,0.8474205337028753,0.5673315035096573,5.162233333333332,1.461631148995351,0.8276125789372033,0.5643304839184573,6.558665625000001,1.4706627505832885,0.8276125789372033,0.5645567446706812,6.121605729166667,1.4722704996387037,0.8334124488329412,nine
0.5528525464040799,6.368839583333335,1.510632475126779,0.8397636985259314,0.5527770396609158,5.395054166666666,1.5162853111647787,0.8196014462430438,0.5498567822658964,6.818816666666667,1.5249436303400736,0.8196014462430438,0.5502087614843756,6.343744791666667,1.5265552173407282,0.8260661939817188,nine
0.5466196361197916,6.458442708333335,1.5344130295344829,0.836289983741267,0.5464156435807297,5.501476041666664,1.5407892375520058,0.8157656080496328,0.5434310851245124,6.950614583333333,1.5492306623128922,0.8157656080496328,0.543819159954969,6.466708854166665,1.5509530042669704,0.8224924806766091,nine
0.6093616939773215,5.214065625000001,1.3411196829368754,0.8618418703804718,0.60858275562283,4.643951041666667,1.3497322542734798,0.8450306879684837,0.6058924947290042,5.792678124999999,1.3562354475557656,0.8450306879684837,0.6057472516720918,5.4136822916666665,1.3590801018339078,0.8495685554167524,nine
0.6241028586284725,5.171462500000003,1.270618501916427,0.8743524450486242,0.6239381266465933,4.153262499999999,1.2745493441316083,0.854527713415815,0.6209024307592776,5.504070833333332,1.2851865446423183,0.854527713415815,0.6202772282367621,5.218648437500001,1.2880756970889617,0.8580622103066637,nine
0.6598176681217448,4.674298958333332,1.1624133325690655,0.8851043357874204,0.659480316336263,3.8231604166666653,1.166498551461085,0.86862544036913,0.6568250531187605,4.985105208333332,1.1746465496433387,0.86862544036913,0.6562184203179245,4.690978124999999,1.1769182278871695,0.8724873917858164,nine
0.6483839978830296,4.8186302083333326,1.1967632231269358,0.8819072705099498,0.6480180943153212,3.9019531250000004,1.2016711932395265,0.8644404746130085,0.6452908001011829,5.107523958333333,1.2105766554954942,0.8644404746130085,0.6448053839952254,4.800353125000002,1.212316103305253,0.8684626783059338,nine
0.5821289191357419,6.077713541666667,1.37613952468373,0.8483486769331681,0.5815660642041016,5.764435416666665,1.3805184260109535,0.840276387026595,0.5796724966859269,6.3782781250000005,1.382996144011613,0.840276387026595,0.5813094258680556,5.843038541666667,1.3771970818211436,0.8478663669907842,nine
0.6671637418983286,4.6980781249999986,1.1162523933061175,0.8898517886820783,0.6672555118310547,3.8733552083333325,1.1159745612432341,0.8750026826694397,0.6645165841240774,4.9599552083333345,1.123134398533121,0.8750026826694397,0.6643037179079864,4.656128124999998,1.1236299886256025,0.879143276920578,nine
0.68179636238878,4.4116260416666675,1.0689970698684175,0.8964053802170179,0.6816354696088317,3.6352937500000007,1.0693622374313487,0.8821183077752041,0.6788623122241212,4.663794791666669,1.0775194365344742,0.8821183077752041,0.6783580920675999,4.442711979166668,1.0781208780330203,0.8850347390636452,nine
0.5557325849761279,6.639140624999999,1.4542265191243802,0.8377876626213249,0.555518090662435,6.221705208333337,1.4571632674807413,0.8290878366536096,0.5534768901066083,6.909197916666666,1.46012181794176,0.8290878366536096,0.5553853126584198,6.3536375000000005,1.4537470442091678,0.8368718447851203,nine
0.5191554201774091,7.248478125000002,1.5849084316732673,0.8197961553119445,0.5186959646289054,6.7921749999999985,1.5905165517656243,0.8092335653975283,0.5166286967049155,7.610354166666666,1.5934818372027801,0.8092335653975283,0.5189329875759549,6.924647916666668,1.5868997579213182,0.8190284340410243,nine
0.5818380477913411,6.037977083333334,1.3763418827375444,0.8489230840029064,0.5813003012424051,5.729692708333333,1.3808686058633328,0.8411711774619917,0.5795088429272459,6.280471875000001,1.383401622293569,0.8411711774619917,0.5808746548475472,5.821509374999999,1.378223869015676,0.8482609160496642,nine
0.5491180590413411,6.717993750000001,1.4778682226831181,0.8342006482267083,0.5485960255170356,6.35575,1.4823800168838908,0.8253392647307389,0.5466344876771377,7.047048958333334,1.4847130560612367,0.8253392647307389,0.5484088525206161,6.446535416666668,1.4792996304258788,0.8337077073712609,nine
0.5208466057123473,7.136544791666666,1.5666399782294658,0.8239692202627384,0.520515852957357,6.600989583333334,1.571539708857562,0.8123867440890495,0.5183359798673501,7.471662500000001,1.5748898558457165,0.8123867440890495,0.519930864916992,6.909880729166667,1.5702047144593538,0.8206389461700594,nine
0.42231751429307735,9.06735833333333,1.8849071588508688,0.7751902810939314,0.42208362353352874,8.580872916666664,1.88996524335603,0.7621363844295822,0.41972788979844805,9.613161458333328,1.8927982328734696,0.7621363844295822,0.42250437956217435,8.803377083333329,1.8856366934579925,0.7738146973223775,nine
0.5170522161008031,7.227945833333331,1.5942942815984558,0.8175318644557256,0.5163642971815322,6.888885416666667,1.6006586238500529,0.8076095259915037,0.5144440127693689,7.634430208333335,1.6028341461018059,0.8076095259915037,0.5163995229204642,7.041131249999999,1.5971714691735095,0.8165917710241694,nine
0.6180912096299911,5.497528125,1.2660089864058672,0.8752948583206936,0.6186210726529943,4.289919791666665,1.2641157558414329,0.8545886758250639,0.6149523845841467,5.777461458333335,1.2773331537355075,0.8545886758250639,0.6147262245247399,5.4776822916666665,1.2780871671537206,0.8585723566520737,nine
0.47636454930338523,8.176121875,1.7118398877570213,0.8019548871902749,0.476140676636827,7.549958333333332,1.7161584502459244,0.7885379738702942,0.4736004491425237,8.627155208333333,1.7201861848530726,0.7885379738702942,0.4762856865874568,7.812003125000001,1.7128107052618005,0.7997962517637588,nine
0.5020044474055989,7.6030864583333315,1.6291707223462883,0.8121635491322083,0.5015100562038848,7.211068749999997,1.6342419490753284,0.802389395898457,0.49948672621392143,7.965497916666667,1.6369316570392691,0.802389395898457,0.5016443480506726,7.308294270833331,1.6304968484898172,0.8118490827107703,nine
0.4984954797607422,7.5835437500000005,1.6470206313764202,0.811113731816189,0.4980004866596138,7.127064583333334,1.6528808791421072,0.799882430187948,0.49591000196207696,8.000289583333336,1.655501361462553,0.799882430187948,0.4979813238926868,7.308242708333331,1.649964060761837,0.8095229226116709,nine
0.456401643744032,8.296766666666668,1.7731849055197826,0.7941307963183217,0.4563421768999567,7.654018750000002,1.7783726419945358,0.7813818448120893,0.45410221503390874,8.630594791666669,1.7822127616805472,0.7813818448120893,0.4562138843495009,7.994435416666666,1.7759819031238053,0.7912235298182938,nine
0.4875643368028427,7.801910416666667,1.6684189421314113,0.8098749136777903,0.48729032772569464,7.167677083333334,1.6739876749353666,0.7975868181776097,0.48495069388102213,8.130752083333334,1.6783998086662946,0.7975868181776097,0.48674151661512555,7.541690104166666,1.6731879811612862,0.8058350780492957,nine
0.5383124201003688,6.940429166666668,1.5141425050741486,0.831141980499351,0.5378191624945752,6.425269791666666,1.5192813571383221,0.8197469076103064,0.5355611815747072,7.288461458333332,1.5226362633318025,0.8197469076103064,0.5373996642176649,6.688370833333336,1.517201402376405,0.8281163176408943,nine
0.5810753240055337,6.0961291666666675,1.3855877787451507,0.8477447822792789,0.5803719310020612,5.760484375000001,1.3909224167917198,0.8388571857517768,0.5783786505818684,6.421586458333334,1.3936821938379578,0.8388571857517768,0.579842507375216,5.892695312500002,1.3889530109622437,0.8463265817961112,nine
0.49015179772840717,7.552709374999998,1.6785134212855617,0.8075317974689935,0.48974215868109794,7.1204552083333335,1.6853442876932698,0.7962744692164638,0.48768914250298423,7.953622916666664,1.6883552207852783,0.7962744692164638,0.48938063490505623,7.401207291666665,1.683384832421676,0.805011269438011,nine
0.5398376425645627,6.699267708333332,1.5155943727381787,0.8303339595691394,0.5391738242523875,6.367582291666667,1.5221417847679835,0.8206182489046334,0.5371316389016382,7.089389583333332,1.5253175622818715,0.8206182489046334,0.5384576763552519,6.617467708333335,1.5208712907290578,0.8274396874364911,nine
0.4092504153141277,9.57713229166667,1.9239133389280183,0.766533271577228,0.40893929562554227,8.997831250000003,1.9290209149056616,0.7548145883480181,0.4067869697691514,9.929644791666666,1.9320396193910059,0.7548145883480181,0.40990648050130224,9.088805208333332,1.9232974610829028,0.7676320083160706,nine
0.4727445867442492,8.22706875,1.7293876397332908,0.7972985275434222,0.47220960130805145,7.759677083333331,1.7352645967017108,0.7859807257306212,0.46994149624701603,8.652795833333334,1.7385461686319401,0.7859807257306212,0.47270767224500854,7.873857291666663,1.7306195698598845,0.7970680310503715,nine
0.4734171348795574,8.252897916666669,1.7163471359017322,0.7996107847310047,0.4732081927907989,7.708230208333333,1.7205003746829155,0.78836352762172,0.4709925963142902,8.591284375,1.7235247283248214,0.78836352762172,0.47341604334689663,7.849721875000001,1.7168821833081374,0.7990522163908959,nine
0.472828044976671,8.171937500000002,1.7211019465533786,0.7986974025879768,0.4724512343012153,7.720123958333333,1.7260666391591242,0.7883964878970335,0.4703474709117297,8.543127083333328,1.728860453462814,0.7883964878970335,0.47300906414171023,7.776728124999997,1.7211063237764024,0.7992820946924671,nine
0.6753079914605035,4.122090625,1.1043244491489785,0.8955669245236365,0.6747635228130427,3.3878135416666666,1.1101067006564866,0.8796572402590891,0.672219737565918,4.361026041666665,1.12102059382524,0.8796572402590891,0.6711517500542535,4.231971874999999,1.1231762955055948,0.8809397848290643,nine
0.6123471433279079,5.276540625,1.3145535710784848,0.8707611307786514,0.612120085799154,4.301885416666665,1.3190099206293127,0.8503433344193784,0.6087575166273326,5.636393750000002,1.3325638845732386,0.8503433344193784,0.6083687579573562,5.329565104166665,1.335543131985988,0.8533660539043866,nine
0.7202559159722223,3.6062500000000006,0.97707326930722,0.9096916584743195,0.7195550428352864,2.9618083333333334,0.9818667040365079,0.8953701358262092,0.716964291599121,3.8582750000000003,0.9917316882024803,0.8953701358262092,0.7159338617095266,3.6586119791666656,0.9947897003186739,0.8970025514378086,nine
0.54238125206543,6.388269791666666,1.5270560140985028,0.8482673314444219,0.5429783043907336,4.967505208333336,1.5294427311257766,0.8211483131362654,0.5387583297968208,6.686546875000001,1.5502006603669745,0.8211483131362654,0.5383746168527556,6.383029166666666,1.5537791250738051,0.8239340093224498,nine
0.5161272211908642,6.865645833333334,1.6132312564752085,0.8218653342468734,0.5154375703922524,6.345678124999999,1.6240388554430647,0.8086387298007573,0.5131402331784403,7.23346875,1.6299236540121367,0.8086387298007573,0.5140432994911018,6.753683333333333,1.6275529896244738,0.814640065561519,nine
0.8216735337749562,2.6508416666666674,0.6620338156013442,0.9344997472970359,0.8191412158458116,2.4584052083333345,0.6736110892326057,0.9283479962759292,0.8151371937790259,2.845697916666667,0.6841980451840837,0.9283479962759292,0.8136174877506513,2.766557812499999,0.6856778583965181,0.9285304734892745,one
0.8940006443950735,1.2861635416666668,0.41698338350480196,0.9626254493901942,0.8925885008186851,1.2408979166666667,0.42418574827127214,0.9599618360037345,0.8911671482218422,1.3733541666666667,0.4259815527976115,0.9599618360037345,0.8893400070187714,1.3344234375000001,0.42857758809196994,0.9594202469140282,one
0.7849064620247396,2.8140562500000006,0.7771422398761936,0.9245369676951807,0.7833860976318359,2.6255229166666667,0.7859481468492114,0.9192199998484372,0.7816253459046772,2.9548250000000005,0.7895132009006446,0.9192199998484372,0.7804192127501085,2.8132151041666673,0.7907170523907079,0.9201845111655328,one
0.7471533474913195,3.3210625000000005,0.9001515840239228,0.9110291215499107,0.7455364163346359,3.103085416666666,0.9102849626197644,0.9046556544340739,0.743557075548774,3.492922916666665,0.9150357864707382,0.9046556544340739,0.7427920611425782,3.3155833333333335,0.9151914258325403,0.9060902379971435,one
0.7490274122309031,3.2825583333333332,0.8423678473062113,0.9190787731356712,0.748318137415907,3.0934447916666667,0.846161852363502,0.9152230927182979,0.7467426001288522,3.295317708333333,0.8490112509476105,0.9152230927182979,0.7457794814946835,3.283983333333333,0.8485527353570582,0.9153902391328393,one
0.7323915156743712,3.628460416666667,0.8966863585031322,0.9110346667536027,0.731462128690321,3.4791239583333335,0.9012660448843208,0.9077289169421394,0.729802330103896,3.641083333333333,0.9043684231434324,0.9077289169421394,0.7286483587152783,3.662990625000001,0.9046108611017016,0.9077738059005853,one
0.7005228955886499,4.076040625000001,1.0275489833635791,0.895010654909517,0.699366730672201,3.8455458333333343,1.0351227006487618,0.8884226840352453,0.6975015467342126,4.260947916666668,1.039152142349024,0.8884226840352453,0.6969906033062068,4.101909895833333,1.0380027586303033,0.8905802993984525,one
0.7021578678087027,4.093870833333334,0.9917634114828753,0.9003378112103798,0.7013976924972869,3.8404166666666657,0.9961167339360935,0.8957053613814676,0.699676968852267,4.098194791666666,0.9995860447922158,0.8957053613814676,0.6989075300461153,4.076147916666668,0.99881917273112,0.8964817833342529,one
0.6708904240239799,4.404229166666668,1.108933051764458,0.8851333917489047,0.6699146237858075,4.175480208333333,1.116666716077703,0.8782101621041845,0.6680900402227099,4.632437500000001,1.1207894638943348,0.8782101621041845,0.6672241715039057,4.613899479166669,1.1203304384996606,0.8789446979671877,one
0.6886275063058815,4.307603124999999,1.0334182678379673,0.8951561470599416,0.6878262912011718,4.044120833333333,1.0379721194348717,0.8902300998404454,0.6861359338148326,4.343017708333333,1.0413713393868282,0.8902300998404454,0.6856796012445743,4.262744791666669,1.0396596837163377,0.8916781994842142,one
0.743668786521267,3.4590124999999987,0.861098733320423,0.9165272755969681,0.7429727750569665,3.2150739583333348,0.8645564713405767,0.9121424671324283,0.7413260015307618,3.4660885416666667,0.8675324458803365,0.9121424671324283,0.7404662251106764,3.4231072916666654,0.8669653709859136,0.9130812047294435,one
0.7634092865375428,3.1298729166666672,0.8040992718774892,0.9231874455980785,0.7625042251611327,2.926133333333334,0.8083318092754034,0.9184796652452445,0.7606393691620551,3.2134843750000006,0.8119077122343443,0.9184796652452445,0.75962082980089,3.1294536458333333,0.8118975121505428,0.9195239921722056,one
0.7079384909613717,4.0067843750000005,0.9748695248996464,0.9027937354573631,0.7073116609016923,3.7182218750000007,0.9787064083774005,0.8974666403524013,0.7054008227433269,4.053828125000002,0.9828433669501583,0.8974666403524013,0.7046870212999137,3.9913333333333343,0.9819637211282528,0.8984415973807659,one
0.7734542893098961,3.0393468749999997,0.7751989017848209,0.9259342486740896,0.7726835724018013,2.8388281250000005,0.7786700863247692,0.9216595892879689,0.7709163459969077,3.084769791666667,0.7819357872724411,0.9216595892879689,0.7697900919694008,3.057466666666666,0.7821775530040553,0.9221097639860367,one
0.7851974537315534,2.835151041666668,0.7426780591238916,0.9298759924132206,0.7845057584879558,2.6348781249999993,0.7460011828618268,0.924937477994556,0.7827287035999887,2.9293395833333333,0.7491699576070806,0.924937477994556,0.7818100511029729,2.8262041666666664,0.7488640502328845,0.9262135141124317,one
0.6608713247981768,4.561503125,1.0951603661518938,0.8885290880934881,0.6602793971620012,4.282772916666667,1.1014095690098142,0.8861375048169507,0.6586792442548285,4.3685447916666655,1.1049560417940756,0.8861375048169507,0.6573062072211369,4.696405729166667,1.1061647153577514,0.8826740558903629,one
0.6386978684109155,5.213977083333332,1.1946689252430058,0.875029288003681,0.6380484985123702,4.774127083333332,1.1993510852327227,0.8664707717844691,0.6357991844322372,5.349677083333333,1.2042848960202277,0.8664707717844691,0.6362001870437282,5.069991666666667,1.2007352296061917,0.870660212465487,one
0.75844661550727,3.227872916666666,0.8191474441403488,0.921697102548194,0.7577358626405157,2.9885958333333327,0.8226113428175235,0.9167278267447305,0.7559147185381399,3.2920302083333315,0.8260968891196245,0.9167278267447305,0.7551491884461804,3.187546875,0.8252875178784463,0.9179343639530649,one
0.7445561506819661,3.521969791666667,0.8628274048072234,0.9153760948179931,0.7438470567762586,3.2937697916666675,0.8664304336246813,0.911016566188837,0.7420608431491426,3.5447333333333333,0.8698041141119104,0.911016566188837,0.7411640017355683,3.500166145833334,0.8693627751924721,0.9118278564021096,one
0.7435043217111543,3.5539541666666663,0.865935141283398,0.9143645687124605,0.742698942212456,3.3477791666666668,0.8700214974386693,0.9108547011870123,0.7410569826521805,3.5362291666666668,0.8729154972564908,0.9108547011870123,0.7401452099723307,3.533906250000001,0.8723824275205968,0.9111916342578231,one
0.7368786647580292,3.5689385416666672,0.8870708075464764,0.913451742892455,0.7361379228824871,3.3093697916666667,0.8909866527532403,0.9080967649185925,0.7343275610224069,3.6355124999999995,0.8945497169998479,0.9080967649185925,0.7335253387559676,3.5379979166666664,0.893966627058445,0.9094756547821274,one
0.6874814859960937,4.2156708333333315,1.0284264097567226,0.8958692985848048,0.6867836172759324,3.980857291666667,1.033978516109268,0.8927573074016723,0.685220656705458,4.13694375,1.0373605890708755,0.8927573074016723,0.6839859547325303,4.334132812500002,1.0376690121583563,0.8907835441589398,one
0.7710989643701174,3.0130864583333334,0.769956132028279,0.9279771827329484,0.7704233648404946,2.779933333333334,0.7728304590332301,0.9241497825169077,0.7688181964824762,3.0016145833333328,0.7756326754477653,0.9241497825169077,0.767888320502929,2.9519572916666665,0.7751009185083166,0.9248030877326322,one
0.7229925253428825,3.7167624999999993,0.919339799261533,0.9100391104387828,0.7221459940022789,3.4810020833333333,0.9236510610640626,0.9060092858901905,0.7205270357826064,3.701206250000001,0.9268452228970716,0.9060092858901905,0.7196202018429901,3.6860557291666662,0.9263427604536286,0.9064928224649605,one
0.6964641019341362,4.046960416666667,0.9994852494028088,0.9009075171412654,0.6958006199414059,3.7663968749999994,1.0038840133433258,0.8966450936652083,0.6942546949769421,4.003238541666666,1.0069805358251038,0.8966450936652083,0.6934159423301867,4.007746354166667,1.0062686620040913,0.8968093890502598,one
0.6701715299376088,4.547769791666667,1.0808655252566322,0.8911699533892405,0.6697084866927083,4.16363125,1.0846909669776281,0.8853503717160764,0.667933202456326,4.521869791666666,1.088906431942726,0.8853503717160764,0.6675815128379994,4.4518536458333315,1.0868207273542954,0.8866623991197116,one
0.6605143337537979,4.7851427083333355,1.1129692237766613,0.8840029726733898,0.6599700196115451,4.489723958333336,1.1175250152766825,0.8811081501118294,0.6583677076793076,4.636926041666667,1.1208445884714964,0.8811081501118294,0.6578617669471573,4.787997916666667,1.1192273368527563,0.8800725208456995,one
0.6795125987033421,4.3071270833333335,1.0635855119462216,0.8950963397240778,0.6791095865646699,3.8563895833333324,1.0660049513193788,0.8855434674113194,0.6766781367190208,4.504069791666668,1.0722410751268912,0.8855434674113194,0.6760606204003905,4.421647916666668,1.0717141970022732,0.8871684660705571,one
0.6982135647553172,4.094234375000003,1.0052536903330147,0.9006636525508166,0.6977341008620872,3.705209375,1.0079487100398616,0.893387703354628,0.6955532992803275,4.192112499999999,1.0134043530128043,0.893387703354628,0.6948411381022139,4.178687499999998,1.0126794982921234,0.8943303076479387,one
0.6470275250721569,4.731063541666667,1.1437954921738105,0.8869384079912325,0.6467899248665366,4.145487499999999,1.1468780565117798,0.8778786443179531,0.6445750494197582,4.724566666666666,1.1542211706963208,0.8778786443179531,0.6434461246191401,4.8763635416666675,1.1547781790728566,0.876759034519352,one
0.751989792160916,3.1854239583333337,0.8387250449251505,0.9220076623823292,0.7511840161046006,2.873217708333333,0.8416717556078215,0.9139292851504593,0.7488196263349066,3.4007750000000003,0.8473911525091996,0.9139292851504593,0.747574549313693,3.3407687500000014,0.8488016949679724,0.9148381054799006,one
0.7070327235687935,3.9232875,0.9844316317593862,0.904172170195551,0.706474239104817,3.4883770833333334,0.9870312071024017,0.8943902941566101,0.7042109885549581,4.14665,0.9924589556822344,0.8943902941566101,0.7035593068907333,4.008779687500001,0.9923564319581806,0.8965441631622345,one
0.7100834532416449,3.9089208333333327,0.9763450817416603,0.9045815509888064,0.7096022619628902,3.5134906249999993,0.9786948288631392,0.8953944374816684,0.70725022728597,4.136538541666669,0.9842618542338686,0.8953944374816684,0.7065328000792099,4.034446875,0.9842912493136586,0.8970379340302743,one
0.750036790537109,3.2459499999999997,0.8462347135806512,0.9206005387651609,0.7495834322791887,2.9256374999999992,0.8482816794609362,0.9130068514349932,0.7473769949747717,3.4093260416666666,0.8534265734407246,0.9130068514349932,0.7463953267024747,3.349686979166667,0.8536621678401962,0.9139306996092119,one
0.6173944583306208,5.193465624999997,1.2315791532457323,0.8799576014479814,0.6177990425857208,4.292232291666667,1.2314758529467544,0.865858465172303,0.6146652000935874,5.219164583333332,1.2440515146990998,0.865858465172303,0.6136785871001517,5.237979166666667,1.2446708782620137,0.8660201478404371,one
0.6207094899321834,5.169548958333333,1.236919597138963,0.877614529302334,0.6206818641552732,4.378217708333333,1.2379995526645715,0.8626286860210353,0.6178257681030276,5.371072916666667,1.2473827362416077,0.8626286860210353,0.6171995976974822,5.265181770833335,1.2475284933994053,0.8645760448845649,one
0.6369358575558808,4.977228125000001,1.189772039753824,0.8826268072633455,0.6368645506391063,4.210186458333334,1.1908740186987703,0.8683208068550766,0.634009481259494,5.176431249999999,1.200147440079452,0.8683208068550766,0.633193231685112,5.081394270833333,1.2007993754101656,0.8699238561800782,one
0.6643081254519319,4.611439583333334,1.1149396553231163,0.886571517864902,0.6639453949717877,4.195941666666668,1.1182735778759103,0.877704309455259,0.6617608124568687,4.793813541666666,1.1235474719238807,0.877704309455259,0.6610531191292317,4.7571593750000005,1.1232815430143985,0.8788843016225242,one
0.6662274387820094,4.5506197916666675,1.1133546635098477,0.8892980879248359,0.6658259086116529,3.9985499999999985,1.1154519728780616,0.8768444770654802,0.6632131839423285,4.8686010416666665,1.1220769119375538,0.8768444770654802,0.6627278756993275,4.677686458333333,1.1222858700563623,0.8796888208259509,one
0.6316306979947915,5.089638541666669,1.2137592016238996,0.8766403298867854,0.6311884260584857,4.500059374999999,1.2170686323628364,0.8638629835405499,0.628515988929308,5.394160416666669,1.2247813707504944,0.8638629835405499,0.6281377610194225,5.279627604166668,1.2240452791087941,0.8659829658976487,one
0.5957590896158858,5.519661458333331,1.308016455389804,0.8720127099845542,0.5961416136800128,4.496337499999998,1.3069926372946354,0.8531850231141087,0.5925310670814347,5.767007291666667,1.321580069680306,0.8531850231141087,0.5918504847086581,5.6459984374999985,1.3220185649686365,0.8549038431409527,one
0.5953968231537551,5.478001041666667,1.314646054902748,0.8694802769843359,0.5957002040809463,4.556230208333332,1.315536865738507,0.8521405080123855,0.5924219168622502,5.714536458333334,1.3282338509678229,0.8521405080123855,0.5917710256401909,5.632125520833334,1.328394744942103,0.8535948224701185,one
0.5780790150585938,5.833355208333335,1.367291547405495,0.86168470029982,0.5785590298795573,4.8718562499999996,1.3681980954804862,0.8442873265193442,0.5753101987502716,6.042102083333332,1.3800257799240385,0.8442873265193442,0.5747462854264321,5.960652604166666,1.3799520842655477,0.8460921263864671,one
0.6214002229361981,5.175687500000003,1.250772356434908,0.8745630780171382,0.6212214295925561,4.42845,1.2528646327925441,0.8592264435940195,0.618207698977051,5.503353125,1.2624508040491615,0.8592264435940195,0.617957446735568,5.292138541666669,1.2619637373497417,0.8620651788645848,one
0.44963743149088536,8.423892708333332,1.7821015670538491,0.7981492989928872,0.4501548303200956,7.5385729166666655,1.786133979786747,0.7807726298860524,0.4468451065079754,8.808636458333337,1.7946307254667127,0.7807726298860524,0.4489408527750653,8.085875000000001,1.7882531004590594,0.7899115893553303,seven
0.3721008875922308,9.963209374999998,2.0478214504605154,0.7592437760449449,0.3732541513156469,8.813820833333335,2.051961129430606,0.737078193611046,0.369284545208062,10.423223958333335,2.063259715375724,0.737078193611046,0.3715075356548397,9.668757291666669,2.056856903163771,0.7471197552179498,seven
0.42589561833441864,8.956708333333331,1.8761859505454879,0.782540930740695,0.42634236882487,8.045572916666666,1.8810368845213898,0.7643026659718015,0.4229795096823458,9.398973958333334,1.8892629858420598,0.7643026659718015,0.4250386972070316,8.672148958333336,1.883763069500588,0.7740356853929102,seven
0.40372855343315966,9.224885416666666,1.9469128753490963,0.7753332613601907,0.40467268961914055,8.096122916666666,1.951736917793762,0.7554361535230186,0.40088410715250655,9.571644791666667,1.9626294959004997,0.7554361535230186,0.40234824483561205,9.034764583333333,1.9583234828571479,0.7630241435203694,seven
0.43923683017089826,8.982612499999997,1.830011321048875,0.7869141197131977,0.4398376196609156,8.080311458333332,1.8325550236908255,0.769641006965055,0.4363013268725583,9.420005208333334,1.840850167014885,0.769641006965055,0.43904951205078135,8.591092708333331,1.8336746937184192,0.7809554841062857,seven
0.4477727381559248,8.402663541666666,1.7988153657291246,0.795039364830127,0.44841649604980466,7.510228125000002,1.8028598729759988,0.7779203118014061,0.44500013792182075,8.769716666666667,1.8121114213865712,0.7779203118014061,0.4465088560134551,8.206522916666666,1.807431906817056,0.7857717018102282,seven
0.42915237737575956,9.119090625,1.8668405165519923,0.7838037889600364,0.42985683829427096,8.035345833333334,1.8698072913509323,0.7645635046428935,0.4259332330498589,9.5177125,1.8805627806777054,0.7645635046428935,0.4281848985503472,8.791616666666668,1.8745182200818407,0.7744620584329085,seven
0.49560741688530824,7.565747916666668,1.649034539852132,0.8160350610391803,0.49579838855468755,6.808030208333334,1.6534819240876866,0.8017226662744923,0.49276683166476765,7.878187499999999,1.6610862002527498,0.8017226662744923,0.49444693985405824,7.282247916666668,1.655624476635783,0.8094145476326126,seven
0.4818044359852433,7.955015624999999,1.6878172986163078,0.8092974196807723,0.4821402794395615,7.1602000000000015,1.6911979415131297,0.7943514359789035,0.47908164837646505,8.294329166666666,1.6985165525881765,0.7943514359789035,0.48100074580349383,7.595347916666671,1.6930113517837695,0.8033808723939144,seven
0.42137400333875874,9.019605208333333,1.895207129564787,0.7789647896611775,0.4218194614643012,8.107748958333335,1.9003198430835073,0.7618646241392175,0.41857294943060996,9.389694791666669,1.9085779161431846,0.7618646241392175,0.42024026767252604,8.785430208333334,1.9040816543908536,0.7706848824126589,seven
0.3745424381174047,10.138341666666667,2.0427048963944707,0.7586294495535644,0.375425156764323,8.949821875,2.04694612432588,0.7361225841782072,0.37145319393636045,10.63206145833333,2.057648338030438,0.7361225841782072,0.3739219874050566,9.754341666666667,2.051184122790865,0.7469311373440128,seven
0.4297861933121744,9.181362499999999,1.864407095108498,0.7818028469704466,0.4304002950526257,8.241213541666664,1.867260550512109,0.7636074525541847,0.42690968551188146,9.652961458333333,1.874855987688194,0.7636074525541847,0.42959199558322453,8.769984375000002,1.8685290218633863,0.7754372786904902,seven
0.3914443657492404,9.6124625,1.990642407093567,0.7648913113047722,0.39225055577473955,8.578478125000002,1.9952154773158026,0.745562924772948,0.388966545308431,10.015097916666667,2.0033012119611886,0.745562924772948,0.3911849614979384,9.303596875000002,1.9973924293501883,0.7560331856163703,seven
0.3433621877544489,10.50023333333333,2.166253818353233,0.737465613157655,0.3441997174593099,9.422601041666667,2.172722665768066,0.715795883821653,0.340799657315267,11.048877083333332,2.1801599597170274,0.715795883821653,0.3426588251068794,10.35483229166667,2.177027047688195,0.7266957034479643,seven
0.362005116046007,10.240138541666669,2.0945137348773053,0.7491754493245725,0.36280780843370214,9.153785416666665,2.1004918069717897,0.7287266694721638,0.3593997788707142,10.679616666666666,2.1091646428406987,0.7287266694721638,0.3615924567588975,9.878050000000004,2.103885874926217,0.7396762259893159,seven
0.36804903335774747,10.136980208333334,2.0715925145840206,0.7515282603429978,0.36863583050727,9.137123958333339,2.077605943382055,0.7315300787607835,0.36529746991509365,10.63049791666667,2.085513104667796,0.7315300787607835,0.3677034818532987,9.783436458333334,2.0794781341614526,0.7431116497735939,seven
0.4531739417285155,8.618762500000003,1.7891958405997133,0.7921398061304462,0.4534236111729602,7.851427083333331,1.793107847518462,0.7764817082944953,0.45036752352457665,9.0429875,1.7994964292166953,0.7764817082944953,0.45294909429361974,8.225384374999999,1.7924178029940534,0.7877188458330104,seven
0.39036237512044275,9.786496875,1.9941410506300958,0.761755598125468,0.39095027463595944,8.781320833333332,1.9988163628796172,0.7440101017226463,0.38795778982720286,10.151447916666669,2.005677775160752,0.7440101017226463,0.3901895589350043,9.412415625,2.0002242567340844,0.7553384246960172,seven
0.3969326720562067,9.702255208333337,1.9687536783841486,0.766983256852144,0.39764171435384105,8.702059375000001,1.9727404004242255,0.748135652482337,0.3941660650946721,10.144252083333335,1.981142862130826,0.748135652482337,0.39689832058485247,9.287576562499998,1.9739603118138755,0.7599807378827104,seven
0.41887483118489593,9.367035416666667,1.8993941647306314,0.7756086604284179,0.4193288521386718,8.527039583333336,1.9030012705373878,0.7581014698607466,0.4160793192857529,9.891835416666668,1.909282913116773,0.7581014698607466,0.4191399924142795,8.914776041666668,1.9018163160099304,0.7708830669515602,seven
0.4180834175916886,9.4037375,1.9005346752321755,0.7752635997180891,0.41842993153917113,8.539398958333335,1.9044612953761297,0.7579761724877605,0.4150892490953235,9.900904166666663,1.9115946846945007,0.7579761724877605,0.41823314861870653,8.941789062500005,1.9035540783134852,0.7705358318058051,seven
0.42238066965983073,8.988426041666665,1.8766188243870925,0.7838693146638254,0.42317581273220495,7.9728645833333385,1.8809760659468961,0.7653422886085646,0.41985449279920795,9.344632291666667,1.8898455562602532,0.7653422886085646,0.42189355083062036,8.647016666666666,1.8842427563957262,0.77468577491683,seven
0.3017692336642795,11.809003124999998,2.318739601056197,0.7085276274771417,0.30273238841037303,10.613446874999998,2.324945697689161,0.6870773910474521,0.2993767129901801,12.301308333333333,2.33278315791959,0.6870773910474521,0.3020850554893664,11.424784374999998,2.3265794924082726,0.7006841550543688,seven
0.36401217525336366,10.216627083333337,2.072443102673566,0.7535782217859484,0.36526665838595934,8.948237499999998,2.076803802845033,0.7319298400703913,0.36166562866780594,10.542691666666666,2.08702940043431,0.7319298400703913,0.36381974658365873,9.864331249999996,2.0812588597515442,0.7422281847597509,seven
0.39492697057237425,9.771546874999999,1.9736826974391586,0.7638518321629626,0.39562603318413625,8.754241666666665,1.9775428039998846,0.7472139743628894,0.39272323841823975,10.032604166666665,1.9837435542952369,0.7472139743628894,0.3949227920616323,9.345670833333337,1.9784433486816304,0.7583673295843438,seven
0.3261418137695315,11.245971875,2.2278780564713756,0.7217527078260741,0.326673941666124,10.305507291666665,2.234472527126629,0.7026775238238874,0.32368961072455477,11.771540625000005,2.2403266151441845,0.7026775238238874,0.32646091282714856,10.855375000000002,2.2340618787597726,0.71671166626312,seven
0.4465529050786675,8.989382291666669,1.8138850258520747,0.7863861180594288,0.44674163450141063,8.155758333333337,1.8172772650863114,0.7700001863270816,0.4436807525284832,9.457473958333331,1.8229684944018296,0.7700001863270816,0.44663973948621954,8.545617708333335,1.8158538339792427,0.7826018887208797,seven
0.4272415548453777,9.31659583333333,1.8807912690177593,0.7746234920774089,0.42729404790635855,8.565269791666665,1.885137734058861,0.7596090298280493,0.42443365565239805,9.754556250000004,1.8905557552435595,0.7596090298280493,0.42734884286512564,8.887728125,1.8830805924076524,0.7721175134682126,seven
0.3172652196207683,11.545866666666663,2.259629658787212,0.7131317763296148,0.3176655664941406,10.738592708333337,2.265371976986852,0.6968664659027123,0.3149900256920028,11.996558333333333,2.270256594759169,0.6968664659027123,0.31793616223307297,11.142742708333333,2.263460327921074,0.7111498785566615,seven
0.35747106312825533,10.568848958333334,2.109766073076218,0.7429582197139062,0.35821256412706176,9.50024583333333,2.114812772960039,0.7240663960528788,0.3551641948320855,10.944353125000001,2.1219892576350285,0.7240663960528788,0.35762613283203115,10.147532291666664,2.1161141291767698,0.7360895939349634,seven
0.3594601405669486,10.537038541666668,2.1052358530358304,0.7440590358007066,0.3602025869422744,9.533686458333337,2.110457760015194,0.7253634370954597,0.356865869341634,10.938968749999995,2.118791143294199,0.7253634370954597,0.35942810228298616,10.170584895833333,2.1121556856025068,0.7367893158116073,seven
0.37768439013509103,10.254903124999998,2.0345769772583564,0.7533069627776227,0.3783409990120444,9.211586458333334,2.0381493405559534,0.735863783688521,0.37526018048909515,10.584312500000001,2.044801413626593,0.735863783688521,0.37802285973036015,9.757470833333334,2.037914803485347,0.7487072261502624,seven
0.4675260840804036,7.933645833333336,1.733810000678554,0.8090271648377215,0.46815300795410153,6.888389583333335,1.737874731051934,0.7900251090003962,0.46461759189805807,8.264889583333332,1.7484940449004795,0.7900251090003962,0.46589824397460927,7.704261458333332,1.7446666213533337,0.7969188674782207,seven
0.33225639770128046,10.567875000000003,2.1859539193670727,0.7367309295135898,0.3334111766579859,9.483311458333334,2.1926986325596802,0.7153698729231729,0.3297157878263346,11.026922916666667,2.202869426337092,0.7153698729231729,0.3316297535384115,10.414954166666664,2.19722134315462,0.7247692245189266,seven
0.4189451203629558,8.738656249999996,1.8963182210401313,0.7839535739953484,0.41949729789713563,7.793910416666667,1.9025372212350449,0.7648699819945342,0.41610203818006725,9.155438541666662,1.9122746201862508,0.7648699819945342,0.41751892322970946,8.57945104166667,1.9080751844507524,0.7721726796005873,seven
0.3770446280311415,9.996429166666667,2.0360009024847505,0.7591188414462016,0.3781486276535376,8.781853125,2.040037730749967,0.7380648487814325,0.3745472849584962,10.359757291666666,2.0497462120218253,0.7380648487814325,0.3765826634434675,9.665009895833332,2.0448380203329393,0.7485697306012311,seven
0.2740084559554038,12.258982291666667,2.4045953978229457,0.6986694009077367,0.2755918388069662,10.915583333333338,2.4118044658971205,0.6738680146337359,0.2714816205737307,12.765400000000003,2.4226772495007762,0.6738680146337359,0.27391351667100716,11.943188541666665,2.416533776126072,0.6862661654245228,seven
0.5054479142702908,7.543118750000003,1.6330893015643841,0.8140733181765535,0.5052924839431425,7.00345,1.6383425495060737,0.8004807762728793,0.5026020205232749,8.001501041666668,1.643142808679206,0.8004807762728793,0.5044221981141492,7.259473958333335,1.6394096007266934,0.8102735394418191,six
0.4574969377012803,8.194746874999998,1.7841116735697542,0.7935029327573696,0.45755389683268227,7.602842708333331,1.7899216127957776,0.7796099359854283,0.4549118289689129,8.615038541666669,1.7951951320023614,0.7796099359854283,0.45651948325086805,7.957592708333335,1.7913353422142508,0.7888953779466822,six
0.5590300315988497,6.460633333333333,1.463426934744596,0.8386489177943465,0.5588300195936416,6.035034375000003,1.4682627756490532,0.8272325238736005,0.5561102323564995,6.863201041666667,1.4738935146604777,0.8272325238736005,0.5574283112874351,6.2901750000000005,1.470297120096885,0.8346529482866877,six
0.5167159838726126,7.310381249999997,1.5939937408435174,0.8200047395539093,0.5165219449647354,6.816333333333337,1.598941563194434,0.8069806139925237,0.5135923649959309,7.796076041666667,1.604714940520574,0.8069806139925237,0.5151887090972223,7.133291666666667,1.6011714786453957,0.815509352011044,six
0.5349933351253257,7.1045864583333325,1.5393879867691893,0.8264215044178795,0.5346717813053385,6.6604833333333335,1.5441070008091917,0.8139841963488084,0.5318691759274627,7.597756249999996,1.5489571055351028,0.8139841963488084,0.5340747429969617,6.837179166666664,1.5440172454669026,0.8235643689573718,six
0.5311720120410154,7.1225791666666645,1.54307448713157,0.8275179815942201,0.5310884557877609,6.580366666666667,1.5471221226162741,0.8146162518346003,0.5281504932744681,7.557956250000001,1.5530674463884164,0.8146162518346003,0.5298529518375652,6.866391666666665,1.5492712632595693,0.8231882235208117,six
0.54209771066786,6.826646874999999,1.4975169735597798,0.8349916466399286,0.5420202270491536,6.286680208333332,1.5012103282424794,0.8225986598612537,0.5392447735408527,7.212547916666663,1.5070429470547904,0.8225986598612537,0.5407972216992188,6.544075,1.5031026980844622,0.8309060385920354,six
0.5500938410541448,6.386823958333332,1.4609801715598243,0.8457174778958755,0.5504116130023872,5.737186458333337,1.464383988699719,0.8323906738350477,0.5472656656746415,6.670794791666667,1.4730230161195275,0.8323906738350477,0.5481663914892576,6.164943750000002,1.4701353403069422,0.8381737717042448,six
0.5773417229877384,5.964294791666666,1.3817708931301855,0.8541586002265306,0.5773155740804037,5.457763541666667,1.3856361773365402,0.8428689382002095,0.5744677993052842,6.2407,1.3930432993614454,0.8428689382002095,0.5750675883393005,5.81313125,1.3907135345072181,0.8479000205469241,six
0.5502983629117835,6.824901041666667,1.4829779898187803,0.8362844272592865,0.5502715304334852,6.277925,1.4863230757767352,0.8232300737753053,0.5470849462155492,7.274218750000002,1.4928455859277676,0.8232300737753053,0.5489850260205074,6.553991666666668,1.4884126738077734,0.8318045577271072,six
0.5758403748980034,6.117371874999999,1.377644075705026,0.8552938662176208,0.5762545138698997,5.476738541666667,1.379069359580029,0.8424947794362484,0.5730625107994249,6.428142708333331,1.3867135769306458,0.8424947794362484,0.5743266594493279,5.862402083333334,1.3826407288239342,0.8493850301144591,six
0.6014489445594615,5.56415625,1.3010881366399585,0.8661328580935669,0.6015882202132162,5.020120833333334,1.3039196442848497,0.8546649881044,0.5986072536222334,5.837444791666669,1.311501544673958,0.8546649881044,0.5991963065093316,5.399007291666667,1.3092629759099836,0.8596481825207353,six
0.6037975882020404,5.563409374999999,1.3010771513200814,0.866083686883247,0.6038935248925781,5.011456249999999,1.3041535791767216,0.8541120902242534,0.6008442142022035,5.854893750000002,1.311878334912657,0.8541120902242534,0.6015855919080948,5.377745833333333,1.3097119270176427,0.8593416145071793,six
0.5666455187776692,6.5160229166666666,1.4283675366254474,0.8439882382442173,0.5665756936821831,6.033012500000003,1.4316721093548765,0.8319642319780675,0.5635472853681102,6.947370833333334,1.4375404454057346,0.8319642319780675,0.5653100006266274,6.259860416666666,1.4338615533885726,0.840093936429863,six
0.6267368480674913,5.189977083333335,1.2295164094314488,0.8745479918001334,0.6266757152739804,4.736786458333334,1.2327499572040768,0.864125083846311,0.623792330897081,5.485456250000001,1.239508476247088,0.864125083846311,0.6245142537624777,5.018279166666663,1.237143242822429,0.8692633159950176,six
0.5934033269748268,5.648798958333334,1.3309943211971742,0.8618821858014895,0.5934727556477867,5.0975020833333335,1.3349833887562388,0.8496216678530699,0.5904951165171981,5.9711260416666665,1.3424167406037526,0.8496216678530699,0.5908280146191408,5.55531875,1.3409233554426987,0.8545551208550455,six
0.5955211912272136,5.612876041666667,1.3230320222343486,0.8633137430899405,0.5958367369265405,5.057565624999999,1.3255862487997494,0.8512167786900546,0.5928531415676542,5.913026041666663,1.3330579502898754,0.8512167786900546,0.5933975369151476,5.500979166666667,1.3309320060156191,0.8562369481432653,six
0.6296599073453772,4.903786458333333,1.225530063997139,0.8824014527939258,0.630057746909179,4.000129166666666,1.2260428815040023,0.8637682723659262,0.6263603986813695,5.200455208333334,1.240301822077869,0.8637682723659262,0.6254863659380421,5.017604166666666,1.2422622414276427,0.8653337395752859,six
0.6167677791927084,5.402623958333333,1.2594567125164973,0.8778958527732703,0.6178066843766276,4.256372916666666,1.256530656859293,0.8567420115473596,0.613138633717719,5.736623958333335,1.2736334156091444,0.8567420115473596,0.6124257566444228,5.524192187499998,1.2755662115291104,0.8591248386171839,six
0.7017081456054679,4.036830208333334,1.0105788212893398,0.9030727896331519,0.701718289199219,3.4672312499999993,1.0107965802094008,0.8900577939847888,0.6981356703512913,4.4267489583333335,1.0207291390492708,0.8900577939847888,0.6977354136425772,4.194269791666666,1.0211986152121189,0.8926643227627742,six
0.6219314989903426,5.245665625000002,1.2662993812181798,0.867368832037499,0.6212509399251298,4.923519791666667,1.2729421640984762,0.8573671694788748,0.6186477406686738,5.620722916666667,1.278618172977127,0.8573671694788748,0.6191033974853517,5.201347916666666,1.2775805239273688,0.8617974832525246,six
0.5996134384879555,5.670686458333333,1.3377812025529134,0.8577299477533277,0.5992922868733725,5.275861458333332,1.3434423100813582,0.8467199910409526,0.5964299671969949,6.058369791666667,1.3498533807232427,0.8467199910409526,0.5970555515538195,5.570321875000001,1.3484256193132125,0.8521273277248871,six
0.6579451787971996,4.698654166666667,1.1329967082857444,0.892927710160476,0.6583899747406686,3.746982291666667,1.1314803532271724,0.8744442655768557,0.6542469015112312,5.021540624999997,1.1465773880823429,0.8744442655768557,0.6533504103624131,4.8390390624999995,1.148701377219192,0.8762284025011969,six
0.6530241406835936,4.7980260416666685,1.1470021220236803,0.8837844550903614,0.6530081869699431,4.423146875,1.149427787103248,0.8740020209201448,0.6501234366105139,5.119203125,1.1556727968253004,0.8740020209201448,0.6507292986463759,4.693187499999999,1.1531703459050342,0.8788014406037757,six
0.5736981934809026,6.0497,1.389230648463201,0.8537073326418242,0.5738003715288625,5.505708333333332,1.3923707189992918,0.8414951055568936,0.5707291419148764,6.387,1.3996270864740077,0.8414951055568936,0.5715545154714621,5.905235416666664,1.39692981580958,0.8471409471019,six
0.5696148612082246,6.5384062499999995,1.4241070056506886,0.8424775990990993,0.5694607558474394,6.1059187500000025,1.4275348500254736,0.8307817932023663,0.5663976121497942,7.0135708333333335,1.4331515161866255,0.8307817932023663,0.5683186882031246,6.337729166666667,1.4282890121716012,0.8391097140444994,six
0.5041496586935762,7.6279916666666665,1.6291716152116418,0.8154736912856525,0.5039911040245227,7.029365625,1.6340598599634761,0.8008318577614834,0.500734469222819,8.144032291666667,1.6406995102414383,0.8008318577614834,0.5024220244911022,7.476411458333333,1.6367275890016542,0.8094330356059553,six
0.5120578183713109,7.4516260416666675,1.607892762459973,0.8186364236356355,0.5119248252148441,6.878155208333335,1.6126587577763312,0.8040297592502421,0.508739980505371,7.978098958333334,1.6190414580611254,0.8040297592502421,0.5103535467621524,7.287903125000001,1.6155032583596007,0.8129977048911354,six
0.5269390872233076,7.208595833333331,1.5568556204937065,0.8255241661574176,0.5269998032036673,6.609936458333333,1.560459976788663,0.8112313718473813,0.5240187672577581,7.679499999999998,1.565977427918604,0.8112313718473813,0.525846303950738,6.982680208333334,1.5616930270391995,0.8204726829239086,six
0.5305692572298176,7.092514583333333,1.5488559048671293,0.8259480937558099,0.5304332676925992,6.601231250000002,1.5532669746380048,0.8132907729056862,0.5275723100431315,7.5688510416666634,1.5583604531561321,0.8132907729056862,0.5293870992545564,6.894438541666663,1.5537837199612041,0.8221864070995666,six
0.5246145714751514,7.347118750000002,1.5739300407492822,0.8196900717117763,0.5242703757703999,6.917433333333332,1.5787904673577002,0.8078989122451828,0.5214648812177191,7.833961458333335,1.5833053732705438,0.8078989122451828,0.523541505313585,7.113138541666667,1.5782694478148236,0.8175758855034466,six
0.5325300154340278,7.0857125000000005,1.535278139532434,0.8290271448752372,0.5325294747016058,6.525655208333334,1.5388083215335333,0.8153112372631296,0.5296995453420681,7.5383218749999985,1.5437277664597677,0.8153112372631296,0.5313844128515627,6.792148958333335,1.5400251474995603,0.8245968128995688,six
0.5133494445751954,7.481239583333335,1.5989438557767035,0.8200643018835803,0.5133427306391061,6.900572916666665,1.602970621662904,0.8062640631912606,0.5101177669843208,7.9632000000000005,1.6099032300419065,0.8062640631912606,0.5123456511984594,7.206767187500002,1.604450504087866,0.8155003429582566,six
0.5269621339350039,7.241917708333333,1.5619104822207144,0.823050377241191,0.5267396594997832,6.770458333333334,1.5660516157310074,0.8096874281768661,0.5237556768975155,7.804338541666667,1.5705829828697115,0.8096874281768661,0.525751122715929,7.059201041666667,1.5663252671634962,0.8193133319512472,six
0.5448747340852863,7.025004166666666,1.5027974549644845,0.8296193422206694,0.5447359595849612,6.604789583333334,1.5062390977773872,0.8182889907946245,0.5418375402210827,7.48024270833333,1.5110760014780626,0.8182889907946245,0.5437867952593313,6.792158333333333,1.5061504135750676,0.8274396728635298,six
0.5484119761208767,6.666929166666666,1.4907897588978896,0.8352040135140729,0.548292585450304,6.174655208333333,1.4951941860280555,0.8230999767064895,0.5455517945928274,7.085093750000001,1.5005553991435674,0.8230999767064895,0.5468372621771921,6.522060416666665,1.4968311600365618,0.830550107150385,six
0.5422322050884332,6.964061458333331,1.510592710758755,0.8305773826579933,0.5421035727707242,6.527501041666667,1.514172227875932,0.8178968170791984,0.5390780322306307,7.505489583333334,1.51927257000648,0.8178968170791984,0.5410467667447921,6.742320833333333,1.5151790407456636,0.8273685689857585,six
0.5295935353607858,7.1260062500000005,1.547995698853601,0.8274475218717158,0.5295251090380863,6.572119791666664,1.5520431850425291,0.8139857635806262,0.5263126834155273,7.579815625,1.5587230838146306,0.8139857635806262,0.5279723080940757,6.891612500000001,1.5552279459574396,0.822397096487172,six
0.5503785675309242,6.671871874999998,1.4717197201648853,0.8401666559905913,0.5504217113606762,6.046117708333332,1.475871723089493,0.8276611368192911,0.5472929833422854,6.978246874999999,1.4838098975716478,0.8276611368192911,0.5484796220567499,6.4293458333333335,1.4801879415903265,0.8343074796073109,six
0.5577341477403425,6.164363541666666,1.4553084321157748,0.8442270624839056,0.5574297575694444,5.709331249999999,1.4619966147438406,0.8324944390018951,0.5545993573809133,6.511823958333333,1.4694662391768416,0.8324944390018951,0.5549005999446612,6.156192708333332,1.4679866624784965,0.8368203731007727,six
0.6179227404454213,5.698661458333336,1.2723099610778372,0.8612182104112169,0.6177347236800128,5.3558666666666666,1.2746521484052935,0.8518727784353369,0.6149623354017468,6.066977083333333,1.2794521665256775,0.8518727784353369,0.6164638681618924,5.490384375,1.274885242038166,0.8597385403826393,six
0.42187967872450094,8.532712499999997,1.8723577831104077,0.7889810433255309,0.42240157430284286,7.614142708333335,1.8796199850818527,0.7708249149178217,0.41928234794894725,8.871179166666666,1.8884771347360059,0.7708249149178217,0.42083242074381505,8.276480208333334,1.8836726209550705,0.7785710666649636,ten
0.38773762155436226,9.028515624999994,1.9753189112799445,0.776790508688173,0.3887899978331164,7.914776041666667,1.9825218337808521,0.7561622993986703,0.38521981835096586,9.315053125,1.9944142882806923,0.7561622993986703,0.38650417150119365,8.791546875000003,1.990240482743343,0.7628191582034447,ten
0.3514599980029299,10.007208333333326,2.1279867346187213,0.746826805094736,0.35197330431694884,9.115744791666666,2.1374338719661345,0.7268247874977254,0.34870474606418184,10.540015625,2.146050825732123,0.7268247874977254,0.3504751386577689,9.856567708333332,2.1411422743878172,0.7359865367114503,ten
0.323737900823568,10.816691666666664,2.2054928303792174,0.7386250773010825,0.3250079492930775,9.434978124999999,2.212883880574569,0.7130485645727878,0.3209868168128803,11.273929166666662,2.2245529519310367,0.7130485645727878,0.3229555353564451,10.480508333333335,2.220031749304427,0.7231634156794884,ten
0.38716352865939674,9.340422916666668,2.0120314250677005,0.7661443125340538,0.387433857296007,8.433596874999997,2.0210849319857176,0.7460301777239796,0.3842322451814777,9.874180208333335,2.0294920717158904,0.7460301777239796,0.386084325153537,9.163848958333332,2.02497371441291,0.754873809463026,ten
0.2584883386420357,12.321771875,2.438227178776124,0.7004555888445906,0.26046025750542534,10.799838541666666,2.446206565800904,0.671842837960381,0.25562536976101324,12.84499270833333,2.461415288106457,0.671842837960381,0.25768816925889754,12.030079166666667,2.4556472555964097,0.6821417758172581,ten
0.27959194862304665,11.749205208333333,2.363086703027821,0.709826433208516,0.2809227147715928,10.517955208333332,2.372224774264184,0.6859232298759487,0.2769584049856232,12.246639583333334,2.382776895056903,0.6859232298759487,0.27911239212456607,11.480374999999997,2.3770738435752268,0.6965805508095282,ten
0.26003419058268223,12.288642708333333,2.4364728904832056,0.6995869318327681,0.2617729689301215,10.840716666666665,2.4454221869798816,0.671145248744371,0.25733319234510627,12.874413541666666,2.4576690315123484,0.671145248744371,0.25939235906195734,12.048827083333332,2.4529632409161315,0.6821158485157159,ten
0.23884214411295557,12.931328124999999,2.5226407117463787,0.6884084757173229,0.24095664756673169,11.254273958333334,2.5304109060529085,0.6549549705639378,0.2355858668128797,13.649804166666666,2.5473970205097327,0.6549549705639378,0.23757257158311618,12.723734375000005,2.5434199367557424,0.6657353964337438,ten
0.4434124808550347,8.371673958333334,1.8275554540023327,0.7938065274099418,0.44351475329264367,7.475745833333331,1.8351591257834041,0.7744590393309585,0.44029777931179437,8.890435416666667,1.843227870907512,0.7744590393309585,0.4419332031797959,8.188055208333333,1.839560167789531,0.78307869383606,ten
0.431340602433811,8.537390624999999,1.8574189015209184,0.7890968317097655,0.431549537875434,7.688669791666669,1.864809584815342,0.7706252218610777,0.42842101914469416,9.014860416666666,1.8726774766869114,0.7706252218610777,0.430153720583225,8.327423958333332,1.868530991126286,0.7790617707688309,ten
0.40554204372341596,9.363014583333333,1.9506483589455157,0.7800796199556739,0.40653660294759125,7.977390625000002,1.9551271986732106,0.7526865708161953,0.40143723004638643,9.986196875,1.9725372760409852,0.7526865708161953,0.4029298895562067,9.326553124999998,1.9698082729402646,0.7600923124444459,ten
0.3229038798036024,11.03000208333333,2.2245735764984746,0.7344084022969066,0.3239044900927735,9.640196874999999,2.2325037949957767,0.7079534161163425,0.31967445519666876,11.566001041666663,2.245139090263767,0.7079534161163425,0.3218595797146268,10.699578124999999,2.2400033151086314,0.7184007261811458,ten
0.23019860280273444,12.81534791666667,2.5359074174870466,0.6841989099732941,0.23271671195475252,11.22291875,2.545772246197234,0.6554930769742197,0.22789390444525823,13.19567083333333,2.5601133424069413,0.6554930769742197,0.22984124482313356,12.490364583333335,2.554626922574779,0.6652903192076031,ten
0.3281880095936415,10.733279166666668,2.2063042021318076,0.7364867499922942,0.3289587626925998,9.540049999999999,2.2153706197538816,0.7126065737464095,0.32501386211886957,11.275315624999998,2.227082701151737,0.7126065737464095,0.32698162112630197,10.513126041666666,2.2220348830575003,0.7222403124512814,ten
0.3015400290695531,11.217046875000003,2.296011028912938,0.7229825691829329,0.3028026828472222,9.966705208333334,2.305101093224509,0.6977899812476571,0.29871582696153454,11.758033333333328,2.3169789649844867,0.6977899812476571,0.300705906570638,10.951870833333336,2.311983297306305,0.7082158407518957,ten
0.2736843145458987,11.987393749999997,2.388410797660234,0.712261749325455,0.2758294221815322,10.269096874999999,2.39453040821731,0.6805800488336812,0.27073590872043185,12.542542708333329,2.411436555231481,0.6805800488336812,0.27264158808159755,11.699999999999998,2.407373630319084,0.6904379763233879,ten
0.30685821122884127,11.454289583333338,2.289123437090098,0.7234313498439877,0.307824291124132,10.088857291666669,2.297547434003114,0.6955276646202267,0.30343745162027985,12.121305208333325,2.310290972009712,0.6955276646202267,0.3057361927511935,11.198808333333336,2.3052498111346433,0.7065806478364611,ten
0.41538340513943156,8.643810416666666,1.908523669057303,0.7843893368356214,0.4156967091823999,7.688870833333333,1.917316800569729,0.7654100034941479,0.4124148015003798,8.98343125,1.9281516708521675,0.7654100034941479,0.41389233974772155,8.38274270833333,1.9234303747754298,0.7724619291376339,ten
0.3042223093191188,11.175196874999996,2.2703609855689613,0.7373774816071452,0.3067812023643662,9.263493749999995,2.273363541017613,0.7013308392448434,0.3005275463745118,11.785255208333338,2.29700697548414,0.7013308392448434,0.3018040648898653,11.094081250000004,2.2949008875413224,0.708855248857593,ten
0.294163192229275,11.257129166666662,2.304322622055236,0.7236460041513555,0.2956308067404513,9.926469791666666,2.3135979678275875,0.698063151871736,0.2914357302373586,11.725112499999998,2.3266054457792316,0.698063151871736,0.29330763790201847,11.004760416666665,2.321309155521366,0.7074225899799755,ten
0.35521466194444484,9.949631249999994,2.0921035353031048,0.7567361434814678,0.3560601702278645,8.762324999999999,2.100235131597867,0.7345072564869394,0.35235533555908183,10.356601041666671,2.111413215011934,0.7345072564869394,0.3539785462386067,9.661213541666662,2.1071374874660562,0.7429385570863665,ten
0.25432800801540806,12.173345833333329,2.4511961743745214,0.7001411753071152,0.2563925403917101,10.656173958333335,2.461492518842365,0.6719873164323065,0.25155369713623055,12.621652083333329,2.477014082072407,0.6719873164323065,0.253289184447157,11.947414583333332,2.472148981655189,0.6806857687891926,ten
0.22043566457411023,13.61149375,2.5816207554333084,0.6779899598511367,0.22327324706922744,11.621573958333334,2.588548131837577,0.6427929442640273,0.21744832031331385,14.188290625000004,2.6076357133988455,0.6427929442640273,0.21959112923828125,13.224477083333333,2.60271709116418,0.6545172726683064,ten
0.24748184852213545,12.720283333333333,2.4847792198064793,0.6913763594611745,0.24927598618164068,11.187683333333334,2.494060703767537,0.6617716783315986,0.2445643185902236,13.331494791666666,2.507972816235015,0.6617716783315986,0.24678194734212242,12.435359895833335,2.502690685210288,0.6732280704289607,ten
0.2611234973513455,10.623955208333335,2.321912100852792,0.7564945402927832,0.26904125317816835,8.020492708333334,2.3181022814053254,0.7009323956206236,0.2538639258780923,11.434317708333332,2.387453751650264,0.7009323956206236,0.25161164535753033,11.627424999999999,2.395682823469952,0.6918419613237011,ten
0.30220733804904515,9.892746874999997,2.2018430090293,0.7697238998650661,0.3076939425911461,7.578436458333332,2.203444315043403,0.7184155414435791,0.29466501502631326,10.810334375,2.263746449143643,0.7184155414435791,0.293141938810764,10.924312500000001,2.2685377980740005,0.7125572740058375,ten
0.2834261613085938,10.193555208333331,2.25259278272293,0.7640905812318981,0.2902840758506948,7.745986458333336,2.2508242461656285,0.7105346364574411,0.27632751296359603,11.095156250000002,2.3134861257276036,0.7105346364574411,0.27474857443196615,11.214155208333333,2.3184337423207553,0.7042010594656363,ten
0.2503949507622613,11.365672916666668,2.37425814594484,0.7480504792453373,0.2596681947542317,8.342728124999999,2.3651809239110912,0.6867615837394272,0.24280497786376942,12.242897916666667,2.4406700245042874,0.6867615837394272,0.24122029717285154,12.293208333333334,2.446787687777478,0.6806724213978629,ten
0.321066566356337,9.369746875000002,2.1348110419820125,0.781072940551142,0.3274151863026261,7.081653124999999,2.1310024770795772,0.7309283772620089,0.31451018323920343,10.200466666666669,2.190504198401305,0.7309283772620089,0.3130447251963977,10.338094791666668,2.1951714389917267,0.7258096157570288,ten
0.28218060068196626,10.43775625,2.261249373856646,0.7623469878231478,0.2890144792957899,7.826608333333334,2.2590394438772394,0.7078842715828209,0.2747189574161783,11.294332291666665,2.3235581553730325,0.7078842715828209,0.2730927805512153,11.389298958333331,2.3288664648280357,0.7020453544091426,ten
0.23509132212673606,11.688165624999998,2.4223264400234124,0.7415342441242216,0.24585526574435762,8.500421874999997,2.410316636442774,0.6771390817948992,0.22785855987603088,12.579074999999998,2.4880804333132955,0.6771390817948992,0.22587252098849817,12.738705208333334,2.4955475910202503,0.6693956997654661,ten
0.41091174646538614,9.103559375,1.922206101008235,0.7774378160881676,0.41114533509874157,8.171951041666667,1.929677084145084,0.758902765893093,0.4080901638500976,9.524052083333334,1.937104366848148,0.758902765893093,0.41014685901204434,8.770882291666668,1.9315127488125903,0.7685829007872442,ten
0.39959847823730466,8.999113541666667,1.9546883518367324,0.7755871729079608,0.39999215168294266,8.059446874999999,1.9632467024343154,0.756417039145094,0.39675614407904725,9.418576041666666,1.9723876976746988,0.756417039145094,0.3982114912207031,8.839012500000003,1.9679564013309592,0.763956140909437,ten
0.3014676239350044,9.739842708333336,2.2158955827523803,0.7671381292176598,0.3064295581884764,7.590677083333332,2.218618473005237,0.7173652123244881,0.29442370634684234,10.646414583333334,2.274791692814792,0.7173652123244881,0.2931404414480253,10.708355208333332,2.2790834820593604,0.711622854559773,ten
0.28059572490939694,11.787829166666667,2.3254009966772076,0.7176534898874845,0.2831760665142145,10.22717916666667,2.3307211485854396,0.692394869638131,0.2786112483498809,12.00928958333333,2.3451090225461333,0.692394869638131,0.28073823719618046,11.32958072916667,2.3385054505411835,0.7017271213401522,three
0.30969584376681875,11.191651041666667,2.237531729339844,0.7324659635336965,0.31166984748046855,9.713968749999996,2.2423067883339924,0.7064928883315018,0.30717808653618733,11.579172916666662,2.2563427615235554,0.7064928883315018,0.30931824953125003,10.820289583333329,2.249805876924463,0.716350212176654,three
0.28944684077745214,11.453527083333334,2.3127712694367246,0.7215880325983748,0.29175394326660153,9.925141666666667,2.318889928967934,0.694495366806037,0.28717573421088294,11.845901041666666,2.332610844040279,0.694495366806037,0.2889870344042971,11.184,2.32754890555774,0.703185808635987,three
0.29244766948459233,11.574020833333334,2.3063666491259704,0.7203608370949997,0.29433399355685796,10.087441666666662,2.3125438695269445,0.6943023674208638,0.28991875150092233,11.97062604166667,2.3260194243838797,0.6943023674208638,0.2919512364398867,11.23613072916667,2.3199738981973406,0.7040927310712689,three
0.29127797073296413,11.7945875,2.319143797984657,0.7165575136552584,0.29324062253580746,10.316182291666669,2.32387495003407,0.6905434172335827,0.28865407580376534,12.248754166666666,2.3382133132718623,0.6905434172335827,0.2910645721207685,11.427515625,2.3312147673259367,0.7016134387755136,three
0.3468710396034075,9.92197395833334,2.0953418244804185,0.7579967307562434,0.34880518296386714,8.594151041666665,2.100225808934413,0.7355195413941146,0.34481089552544514,10.130601041666667,2.1133071977601503,0.7355195413941146,0.34622675477322074,9.632439583333332,2.1083496470322487,0.7421101434047858,three
0.29351423991916237,10.794232291666669,2.2756944811021222,0.7339325719819672,0.29676993467285173,9.135122916666663,2.280894701771064,0.705384496379084,0.29177277867865653,11.027012499999994,2.2967637054971655,0.705384496379084,0.2929039270985243,10.552961458333334,2.293890007224036,0.711613992658307,three
0.28272067264539935,11.615473958333332,2.3380205547206234,0.7155173295769491,0.2850226956515842,10.211371874999998,2.344880454104312,0.6909376278335848,0.28079994252360013,11.917391666666667,2.3579145642176846,0.6909376278335848,0.28269413786187086,11.291739583333332,2.351922217480007,0.6995808154276671,three
0.3329596814306642,10.423493750000004,2.151072434121158,0.7465063451841297,0.3347677552012801,9.173951041666669,2.1562167027120047,0.7237329734029287,0.33077685370741094,10.743014583333336,2.1683779323886,0.7237329734029287,0.3327600256976996,10.075489062500004,2.161920877905015,0.7324596268141864,three
0.2684561463975694,11.725452083333332,2.3782346972356305,0.7119812274313682,0.27129313078559025,10.160041666666665,2.3855630120123337,0.6850466235885829,0.2665835670494249,12.009731250000002,2.4003633247630014,0.6850466235885829,0.2682350424848089,11.432595833333334,2.395296458037071,0.6926837161348119,three
0.31048709566460503,11.268011458333332,2.245893077903542,0.7287915398933372,0.31213231672960084,9.930807291666673,2.2505327421755568,0.7027774791117334,0.30774059843126084,11.830218749999995,2.26252637380746,0.7027774791117334,0.3101990492730038,10.91868020833333,2.2562548692843696,0.7147724385982872,three
0.3372977414523655,10.626818750000002,2.151709653992794,0.7463713716644367,0.33900383181152327,9.187846874999998,2.1555063454338654,0.7199028460358398,0.3345126655352106,11.125956250000002,2.169243386474722,0.7199028460358398,0.33660008303548167,10.323358333333335,2.1634954150735823,0.730243781606598,three
0.24426030318088104,12.920718749999997,2.501511405164238,0.6856137549949244,0.24631620724609382,11.409016666666668,2.508144818629714,0.6560142540135878,0.24161636540011946,13.586736458333327,2.5216159984285698,0.6560142540135878,0.24385293630262586,12.637886979166668,2.516011346833828,0.668164621040382,three
0.2815108149180772,11.634882291666663,2.334883445992532,0.7175224542445553,0.28402763217013904,10.081,2.3408530867211157,0.6909270644156946,0.27952066173366946,11.956768749999998,2.3548383692891437,0.6909270644156946,0.28152291830566384,11.265668750000001,2.3488435072406095,0.7002255629203866,three
0.33466939381998734,10.169128125,2.1333111435497263,0.7506220631747318,0.3367853441091585,8.83620729166667,2.138995124800527,0.7288375822275274,0.3329792532777235,10.315604166666667,2.1510605727706884,0.7288375822275274,0.3346590722515188,9.795040625,2.145003417535074,0.7362687029243611,three
0.28035985012532566,11.817344791666669,2.349081878345351,0.7115072922928039,0.28250982057074653,10.419210416666665,2.3558915018265045,0.687103983333371,0.27838875855333123,12.143052083333334,2.368276345002852,0.687103983333371,0.28051842753580736,11.506881250000001,2.3618340093782484,0.6964226642616708,three
0.3414303744905599,10.096078125000004,2.123847700451868,0.751772286034918,0.3432366229009334,8.810766666666671,2.1295049415368585,0.7295995746800215,0.33942056677490257,10.334678125000002,2.1415013983988924,0.7295995746800215,0.3409778546842447,9.796003124999999,2.1362446582450816,0.7369228837367675,three
0.3586142173236761,9.904595833333332,2.0731407177313645,0.758073541286983,0.3601355864382597,8.681852083333332,2.07893327207717,0.7368640182028885,0.35651569108262815,10.159633333333334,2.0900658326383033,0.7368640182028885,0.35842828260850707,9.551078125,2.0838344883098223,0.745341665608958,three
0.24248621845431856,12.670542708333336,2.4781756490462348,0.6920385296706458,0.2455982570963543,11.026562499999997,2.4849498861369677,0.6641611360860226,0.24065098072564026,13.002507291666667,2.500109652147417,0.6641611360860226,0.24282981804741746,12.33506145833333,2.493750879674732,0.6736642243656236,three
0.3037563625482857,10.803515625000003,2.2501231859195627,0.7337964596990768,0.30598372938422325,9.405872916666667,2.2565951934049324,0.7082953426080589,0.3016214136987305,11.154215625000004,2.270573618225629,0.7082953426080589,0.3031639370757378,10.568634895833329,2.265668796651556,0.7157930441793222,three
0.3300072242024741,10.566320833333336,2.1763073672733015,0.7417705492624567,0.33139060880642357,9.316729166666667,2.1820750605319184,0.718322515695919,0.32747879582004125,10.997369791666666,2.1936131117620965,0.718322515695919,0.3293837334174262,10.296061979166666,2.187746745874132,0.7274334550867266,three
0.35830109783203157,9.407130208333333,2.0565367629805067,0.7671484825434919,0.3604584576047091,8.074322916666667,2.0617314386235748,0.7440339932243522,0.35641475914794923,9.591313541666668,2.075250476845505,0.7440339932243522,0.35750707337402354,9.143171875000004,2.0713912377161283,0.7497631268454132,three
0.39110254273546013,9.205357291666663,1.961683399802545,0.7770319942444031,0.39216043627170133,8.088857291666663,1.9664471779207882,0.7555819731635607,0.3883519207343206,9.596439583333334,1.9780433099911388,0.7555819731635607,0.3902956061463758,8.88816614583333,1.9717661764414767,0.7640584240047253,three
0.4436931066482204,8.460020833333335,1.8046196431027102,0.7952502760604179,0.4441929782090927,7.571280208333334,1.8092800240026432,0.7774453648633736,0.44090549653510186,8.878009375,1.817828807499424,0.7774453648633736,0.44307324146864147,8.156744270833332,1.8111427963435982,0.786658452971495,three
0.321024729523112,11.038278124999996,2.2332352012477443,0.728706271089791,0.32191401088216154,9.863527083333336,2.241249819334337,0.7059753006052696,0.31808832085042327,11.516877083333332,2.2524444439314095,0.7059753006052696,0.32069324738986504,10.638984895833332,2.2443890459932874,0.7175888370527747,three
0.4272543256412762,8.975185416666665,1.8637573988724818,0.785795886126974,0.4279746425634763,7.949557291666669,1.8671524035573743,0.7655146523545744,0.42418427359456395,9.469912500000001,1.8768372183175215,0.7655146523545744,0.4266100019731988,8.653605729166669,1.8701489388296737,0.7760611902831569,three
0.4716999015798615,8.004014583333333,1.724964581628937,0.805504232717053,0.4719095257649738,7.259344791666665,1.7295751317778203,0.7893258353800215,0.4686973657744683,8.439284374999996,1.737811513533127,0.7893258353800215,0.47081987819661436,7.694736458333332,1.731560334058733,0.7988027591911457,three
0.2796417182481553,11.720600000000001,2.3409112561772845,0.7159474291291211,0.28231778954752607,10.190218750000003,2.3465922216030632,0.6894299229553744,0.27769301498182497,12.055615625000005,2.361492549621421,0.6894299229553744,0.27997102798068596,11.302983333333337,2.354193010593953,0.6997054414365942,three
0.3036955583946399,10.889341666666672,2.262973945703335,0.7304189067556751,0.305919392271593,9.446923958333334,2.270526052470152,0.7062699411552184,0.3018017092418078,11.082721874999999,2.283550431494598,0.7062699411552184,0.303400498263889,10.578273958333337,2.2787766601292287,0.7138015576617966,three
0.3291847137169054,10.218241666666666,2.1634991177424627,0.7470053815899073,0.331345928355577,8.870342708333332,2.169388992397787,0.7235844544004679,0.3272592490226238,10.46856875,2.1820246320610335,0.7235844544004679,0.3286152951882594,9.980958854166667,2.177878238189545,0.730506191535741,three
0.34929889117784274,10.32205104166667,2.1152675224665782,0.7488513418852925,0.3506401843185764,9.126361458333333,2.1205205526446687,0.7278824041260392,0.34691682548692504,10.636673958333333,2.132171805185102,0.7278824041260392,0.3491592273491754,9.974532291666662,2.1249149282133963,0.7372134028442487,three
0.3018965793885632,11.834533333333333,2.2979166476978268,0.7149825491307789,0.3032143280105252,10.557717708333334,2.302634312359317,0.6899465317641887,0.29907841505235466,12.46343229166666,2.3133826008809675,0.6899465317641887,0.3019513140190974,11.47926979166667,2.305741514093056,0.7034226968876985,three
0.3339282966802299,10.636457291666664,2.1743745683663693,0.7405347937107458,0.3351321017453343,9.424260416666659,2.180582194203464,0.7175928325832867,0.33111905017551,11.079503124999999,2.1929091152905142,0.7175928325832867,0.3332667492236328,10.330563541666669,2.1860986898930905,0.727194851160391,three
0.25227235717664914,12.338148958333333,2.4603520560196195,0.6932121287814896,0.2544855964941406,10.96839479166667,2.469631053614407,0.6681367775917679,0.2502491937746852,12.722755208333334,2.481854713221515,0.6681367775917679,0.25225740616916215,12.108933333333333,2.476209935004096,0.6776500549774749,three
0.33082552135850696,10.118255208333334,2.174502004170233,0.7424223335540597,0.3325816843793402,9.007222916666668,2.183329166560418,0.7230558451741251,0.32916053028021924,10.288788541666667,2.1944092735071306,0.7230558451741251,0.3306147816650392,9.887046354166664,2.1894517140873093,0.7291963043875979,three
0.29999470404785145,11.066519791666664,2.283505748483931,0.7222509759346936,0.30182878650010864,9.93239270833333,2.2914556391223804,0.7014785879568393,0.29826587209499805,11.336133333333335,2.3025351335693602,0.7014785879568393,0.3003406978895399,10.779816666666667,2.2951841003230964,0.7098238189382824,three
0.39364049498372367,9.267220833333331,1.9558651520580352,0.7751988377129335,0.394815305332031,8.181995833333334,1.9606632189182414,0.7559232938446598,0.39125818976155613,9.540897916666674,1.9716721066922562,0.7559232938446598,0.39334797469346805,8.880016145833336,1.9643320666175603,0.764856680465813,three
0.26239433989149297,12.139892708333335,2.4145327200778373,0.7006199948359274,0.2647640349565972,10.732404166666667,2.422851185705096,0.67696735677095,0.26064491627794056,12.382567708333335,2.4354996982174777,0.67696735677095,0.26267594929361987,11.814729166666671,2.429019672286748,0.6855761445962849,three
0.3071882871158857,11.583398958333333,2.275582714020577,0.7206543506137949,0.3085303180658639,10.270678125000002,2.2811682234082653,0.6964591324720661,0.3045861742293295,12.046975000000002,2.2921095663963964,0.6964591324720661,0.3074404828857421,11.104869791666665,2.2838567867758583,0.7089683248559442,three
0.30415946747016054,11.529615625,2.286154479186974,0.7214737946905283,0.305640263618164,10.181130208333332,2.2917779571673975,0.6949279995319513,0.3013503789819336,12.131192708333328,2.3037905706020227,0.6949279995319513,0.3039483615060763,11.181371875000004,2.2970889288880647,0.7071479890160752,three
0.3349700988916017,11.065281249999998,2.1714879712824855,0.7393916056799337,0.3363949850868056,9.678905208333335,2.1747554336216925,0.7139161976294799,0.3318839159876843,11.587332291666671,2.187962769781419,0.7139161976294799,0.3346529729768882,10.624475,2.1805328206142383,0.7261653800118268,three
0.2872041177408853,11.27342708333334,2.3201470357465537,0.7235973686125496,0.28980833478732676,9.68674895833333,2.326103678461361,0.6952655255370006,0.28494439436659064,11.633586458333335,2.3420772488281276,0.6952655255370006,0.28639185717990484,11.03766822916667,2.3378595446541994,0.702797639672357,three
0.3588093946234808,9.928760416666664,2.083136943277797,0.7534547685446045,0.3599399517268882,8.920147916666668,2.089729072929487,0.7344771507183919,0.3565192771731231,10.250439583333334,2.099623082134079,0.7344771507183919,0.3584018619775393,9.686798958333336,2.0932528355751407,0.7427205078071323,three
0.36115763971516945,10.003616666666668,2.07131723986482,0.7547993628540317,0.362265425523546,8.940953124999997,2.0768939846176036,0.7352913422248328,0.3587898992911783,10.345652083333333,2.086999355603962,0.7352913422248328,0.36089433968315976,9.677246874999998,2.0802399605990196,0.7447412930485041,three
0.2957951605181205,11.484356250000005,2.3067884441720845,0.7164696087733938,0.2973780888498264,10.24461875,2.3141169605526475,0.6932125772374498,0.29357477897054024,11.917702083333333,2.3244169794830642,0.6932125772374498,0.2958903468511285,11.195357291666664,2.317668128252844,0.7037954121557616,three
0.3117035040581601,11.005025000000005,2.252913470784722,0.726359096847655,0.3129047413552517,9.891109375000001,2.2611745724632786,0.7053013666342167,0.3092659641615125,11.380818750000007,2.2720882843298082,0.7053013666342167,0.31150481791666673,10.67195833333333,2.265025038679842,0.7151025910054332,three
0.30844405699707006,11.088246875000001,2.260792833455299,0.7243890699145854,0.3097796211165368,9.970265625000003,2.2682463679329463,0.7037153011793938,0.3063069035560438,11.443815625,2.2780313121113993,0.7037153011793938,0.30861837389268687,10.701692708333338,2.270742054100958,0.7141088325471826,three
0.324913383556315,10.863782291666665,2.2212973378934793,0.7287179500271435,0.32574672543077265,9.816595833333334,2.2294797399128563,0.7085172361910042,0.3225223468910047,11.2713625,2.237640503571464,0.7085172361910042,0.3249019375651041,10.484931249999999,2.230506216341285,0.7195368234376907,three
0.2552525680094399,12.258278124999995,2.443705202964819,0.6949648296868769,0.2574603303537325,10.967735416666669,2.4525928492831244,0.6717585593000914,0.2533536576928711,12.568489583333331,2.4645387543427004,0.6717585593000914,0.25552081813096783,11.910579166666663,2.457664813745448,0.6808076023507086,three
0.3176976586745874,10.884151041666664,2.2063325030663394,0.734782958101174,0.3195680569959852,9.627389583333334,2.2122826363139945,0.7134078790761638,0.3157118964076063,11.106312500000001,2.2237116977331217,0.7134078790761638,0.3177749997710502,10.492895312500004,2.216594636180233,0.7223368058570551,three
0.31408139241753474,11.069567708333333,2.2322918056929835,0.7293639861863437,0.31534958296549465,9.904358333333333,2.239081206667196,0.7075851169882362,0.311597956630588,11.465809375000001,2.2494682147157707,0.7075851169882362,0.31397068490342894,10.663978125,2.2422248103417384,0.718535440960405,three
0.3140876792247178,10.874756249999999,2.216376232200126,0.7394207643621161,0.3165968190185546,9.240477083333337,2.2204222931874993,0.7123951371578374,0.3118994345222983,11.163290624999997,2.2357195210161915,0.7123951371578374,0.3133885120437285,10.572623437499997,2.2313632552265377,0.7198893852276947,three
0.3659477105555556,10.246331250000003,2.064332871815531,0.7543931747126705,0.36707436153103323,9.09056354166667,2.0688295846109646,0.7335680794450854,0.36328623941433386,10.635552083333334,2.0796494547556277,0.7335680794450854,0.36598779064887144,9.797830729166671,2.0713636705411007,0.7448301722466214,three
0.2914536079286024,11.586804166666665,2.3045997569623804,0.7212648316575663,0.2936304527799479,10.064307291666665,2.310333168333327,0.695185055296695,0.28905594823811825,11.945466666666668,2.3241114596562578,0.695185055296695,0.2910915814246959,11.240460416666668,2.31812956303625,0.7047146456551738,three
0.31634887805718326,10.583676041666665,2.227566020775632,0.7371817900516746,0.3182701447791885,9.198340624999998,2.2340354032357697,0.7104988946146168,0.31375556873996335,11.07905625,2.248151072066184,0.7104988946146168,0.3151707070817057,10.477658333333334,2.243858160228663,0.7180330720021011,three
0.29615771480631503,11.290653125,2.290969111526208,0.7222978860605447,0.29815000349826387,9.901258333333331,2.29716184739339,0.6982576852431492,0.2942323825333661,11.602837499999998,2.3080393272491353,0.6982576852431492,0.29623180336968297,10.924628645833334,2.3021628085648924,0.7079139404816367,three
0.32551861081217454,10.660545833333332,2.1909115797115573,0.739491810456046,0.3270384578032769,9.430148958333335,2.196981705758644,0.7166421151987502,0.32287161148518884,11.085881250000003,2.2102859282567033,0.7166421151987502,0.3248459802094182,10.400149479166666,2.2035263706772676,0.7256133872891108,three
0.2953994050439454,11.305087499999999,2.2928151267243218,0.7225964134561327,0.29752430031249993,9.861192708333338,2.2987140176018617,0.6980577147509841,0.29353500061387805,11.607995833333328,2.3100021730356364,0.6980577147509841,0.29538327567762585,10.955423958333334,2.3047053332530707,0.7071658261606644,three
0.47709991790256057,7.827013541666667,1.7314984011286239,0.8030270812618501,0.4767084617930773,7.192384375000003,1.7388702070897246,0.7881483989280986,0.4741623818400067,8.258737499999997,1.744492897801198,0.7881483989280986,0.47599732532660577,7.555551041666664,1.739804059352013,0.7969086535877081,two
0.4367177377734377,8.63639375,1.849824524800088,0.7864662298126267,0.4368727901112196,7.874806249999999,1.8555488827682955,0.7692477145641876,0.43399689377956807,9.122127083333332,1.8617359139853402,0.7692477145641876,0.4363863203705513,8.305692708333334,1.8552798492629858,0.7800212154154006,two
0.3521909686474608,10.586433333333336,2.127364481248451,0.7428975140999418,0.35269441625868053,9.547521875000003,2.1338855394582295,0.7214392486171057,0.34931614158230273,11.166784374999997,2.1414134917319347,0.7214392486171057,0.35247454449924054,10.145502083333334,2.1331726374582627,0.7352363566997352,two
0.33074347193142345,10.886965625,2.2175869306857714,0.7293839420977785,0.3314284460666231,9.85287708333333,2.2251608865126444,0.7072958499802017,0.32806477761691627,11.505537499999999,2.233169926302412,0.7072958499802017,0.330876897412652,10.532745833333333,2.2263445145265144,0.7206364661034917,two
0.36427186471354156,10.264934375,2.0973499998983836,0.7485645916581039,0.3648475010270184,9.269269791666662,2.1042422404405827,0.7270114652627192,0.3611492436716038,10.853617708333338,2.1138105302035815,0.7270114652627192,0.36382604869140645,9.933808333333335,2.107410174335412,0.7384434587602446,two
0.3449845459271919,10.68260520833333,2.1594782579812266,0.7377804517863036,0.34538895829481314,9.670144791666669,2.167462225502054,0.7161803974028388,0.34183886457763657,11.26764270833333,2.1762231570159116,0.7161803974028388,0.34436631006401913,10.3393140625,2.170364316303969,0.72786733273196,two
0.3981373586800132,9.380987499999998,1.9809550865033327,0.7648245896128443,0.3982602220442708,8.670704166666667,1.9880719020776343,0.7482439079519589,0.3956702101326498,9.872346875000002,1.9931183348790555,0.7482439079519589,0.3982898297330732,8.971669791666669,1.9862487633796706,0.7603939297400328,two
0.3057397365869139,11.661009374999997,2.299979302645428,0.7147420913856134,0.30631153931966126,10.571068749999993,2.307410251525195,0.691209136223666,0.3030235283916556,12.322618750000002,2.3138813790938877,0.691209136223666,0.30646325768663196,11.112395833333332,2.3059818181385037,0.7071292047073836,two
0.35775670657226555,10.200675,2.119269279626477,0.7452122989525578,0.3582356745198569,9.300311458333336,2.1270937559535215,0.7247608215559262,0.3551537728670246,10.810796874999996,2.1334689188712077,0.7247608215559262,0.3579453541742621,9.84587708333333,2.126715892494805,0.7378439587788869,two
0.31794662644097205,10.934009375000006,2.255253656541026,0.7259763585498715,0.3189598552777778,9.804584375000001,2.2638829947749306,0.7034977559343155,0.31545816005723754,11.431602083333333,2.2740197043763515,0.7034977559343155,0.3177563262754993,10.676457291666667,2.267311608144929,0.7140465378164488,two
0.3631061342008465,9.93148854166667,2.093006244567882,0.7505831073929845,0.36362607271430125,9.024902083333334,2.101257265095694,0.7312472116130929,0.36059813414957725,10.403570833333337,2.1092974030445024,0.7312472116130929,0.36295131142089837,9.636913020833337,2.102309638337887,0.7420196652959216,two
0.41223128658203123,8.784245833333337,1.9286263821204828,0.7766947527582694,0.41246346996256505,8.049128124999998,1.9361693720705793,0.7600117915457385,0.40987849996880404,9.229090625000001,1.9420156082402884,0.7600117915457385,0.41186733424316424,8.503057291666664,1.936430234390806,0.7697064623471073,two
0.32952821011013456,10.822878125000003,2.207621089347166,0.7313181847915057,0.330322597467448,9.83345729166667,2.214885453746574,0.7098088992046903,0.32701925542290594,11.388369791666664,2.222822857080488,0.7098088992046903,0.32989727034179683,10.447438541666665,2.2151002358305516,0.7230114931365463,two
0.3523101574685331,10.23572291666667,2.131604159748243,0.7450133687906465,0.35283961747341597,9.280463541666666,2.139116528696387,0.7239747524247562,0.349711091262207,10.780194791666666,2.1463326141083567,0.7239747524247562,0.3523422487141925,9.849067708333333,2.139834143500069,0.7364603104175185,two
0.4008829595768228,8.500064583333335,1.9234097799438385,0.7948426474296214,0.40378757155761724,6.846723958333332,1.925754272279328,0.7639754757233506,0.397811208230523,8.853867708333333,1.9515831506008603,0.7639754757233506,0.39759261717122407,8.648654166666669,1.9527234289839839,0.7656590166444452,two
0.38772335338595926,9.036112500000002,1.9861517380088376,0.7796363599630903,0.3897155214800347,7.554719791666668,1.9899313889867563,0.7512464498027508,0.3849486176771377,9.472920833333335,2.008117795090015,0.7512464498027508,0.3855267544167751,9.06956145833333,2.0067914034364147,0.7562777147923708,two
0.42670879085232233,8.79175625,1.8811992690733303,0.7814170480242268,0.42675095881998704,8.03042291666667,1.8879925831386466,0.7647307722869442,0.4238237310224066,9.255291666666666,1.8948075311576396,0.7647307722869442,0.4261366646245659,8.497848958333334,1.8878387848788885,0.7746037485448358,two
0.4460903590370011,8.256616666666668,1.820806015471384,0.791820657033572,0.44621269924479173,7.523078125000003,1.8272057798407266,0.7747845230263031,0.44349812437527136,8.763460416666666,1.832680297487409,0.7747845230263031,0.4453945430230037,8.079791666666667,1.8278106812684631,0.7839411925881987,two
0.4180057552105033,8.968648958333334,1.911060739575799,0.7769898504145075,0.4181567893798828,8.20346875,1.9174148263930733,0.759077943263986,0.4153202570787217,9.523110416666666,1.9227849312338066,0.759077943263986,0.4179186557590064,8.641361979166666,1.9158882433479905,0.7707341155319215,two
0.3586321986924914,9.790984374999999,2.0918994263563344,0.7610800024085376,0.36042452844292555,8.356109374999997,2.0961089823304753,0.7328526617433914,0.35588829624159074,10.329454166666668,2.111317724803463,0.7328526617433914,0.35709058008409306,9.717246875,2.1091045655062115,0.7403088880360807,two
0.31471485608832467,11.138035416666668,2.2662672234515684,0.7204679236178635,0.3153631668109808,10.215603124999996,2.2747700954759855,0.7002096202067242,0.3122737142716472,11.681220833333331,2.2817872320066,0.7002096202067242,0.31521320515624984,10.746245312500003,2.2736178311140396,0.7133866790621635,two
0.3807477994900176,9.556338541666662,2.0339651024467855,0.7591352777422743,0.3810345099001739,8.75846875,2.0415914846188605,0.7409899807964485,0.3783337162600373,10.068190624999998,2.047362462454535,0.7409899807964485,0.3807366691612413,9.235467708333333,2.0409679340274156,0.7524918234235846,two
0.32494488032118046,11.153622916666663,2.239308306503454,0.723429178868065,0.3255116276898872,10.193344791666668,2.246751481082507,0.7012908216436693,0.32205251641140403,11.82508854166667,2.254545473663935,0.7012908216436693,0.3249081213986548,10.809241666666665,2.248100607568427,0.7145422511007724,two
0.5341954979546443,6.2761249999999995,1.5106897704117157,0.8502855378669701,0.5353260887033422,4.943650000000001,1.510449499206907,0.8246237281724045,0.5308733556979713,6.5847395833333335,1.5307526586012223,0.8246237281724045,0.5301903635101993,6.459232291666666,1.5318389257218512,0.8259627421790716,two
0.36291062583604583,10.06961770833334,2.097285815774803,0.7495390917890977,0.36335939077799484,9.152798958333335,2.104923851946965,0.7290429458733643,0.3600498494609919,10.628088541666662,2.1127620599497074,0.7290429458733643,0.36255132212239594,9.707188541666666,2.1067830938773544,0.7405713393877063,two
0.3630979773996313,9.919147916666663,2.1083555216459935,0.749794190213403,0.36348497048285583,8.951883333333337,2.117742528168215,0.7286469668279358,0.3598475129315864,10.460042708333333,2.1284388199635242,0.7286469668279358,0.3618097327875436,9.766149479166666,2.1232546901930744,0.7377965985814923,two
0.5656870182438151,5.777968750000002,1.3998821794489051,0.864779325095126,0.5669488761116535,4.5001812500000025,1.3973483247025398,0.8412457288709362,0.5627615384871419,6.016886458333333,1.4162522391929013,0.8412457288709362,0.5620671264398871,5.884746875000003,1.4171275025982297,0.842792795156589,two
0.4517251578472223,8.418273958333332,1.8034109625491141,0.7913072306950963,0.4516153822092016,7.751988541666665,1.8094250947213095,0.775029190815802,0.4489075168638781,8.949173958333331,1.814036392611029,0.775029190815802,0.4514495214491102,8.100392708333334,1.8074965792927462,0.7864220145568056,two
0.32215324238389764,10.805212499999998,2.2318546797157635,0.7299562894342997,0.32273898769422743,9.852820833333332,2.2402424450788327,0.7068159330442765,0.3194134405200197,11.525878125,2.2470874956644256,0.7068159330442765,0.3219795868120661,10.521581249999997,2.2415302243035327,0.71953774423763,two
0.3659647769596355,10.151372916666666,2.0877363131795352,0.748582517995026,0.3664294672797313,9.250541666666665,2.0942445028450978,0.7290240639474584,0.36340815399983706,10.70902395833333,2.1007183809337393,0.7290240639474584,0.36617810080783453,9.744844791666669,2.093695185556652,0.7419907292266955,two
0.3377843118473309,10.322798958333335,2.1752044956535053,0.7387296808240892,0.33862190916666673,9.37778125,2.1836212571050027,0.7191065103682895,0.33556034480116115,10.762088541666671,2.1919478442712967,0.7191065103682895,0.3378678193581818,10.010146874999998,2.1849698318932234,0.730043101456308,two
0.40490528542317716,9.417862499999996,1.953359739462125,0.7692237424320502,0.405128025358073,8.572712500000002,1.959177161052614,0.7508976742888045,0.4022532493785263,9.929757291666666,1.9647840872861304,0.7508976742888045,0.4050079994471572,8.980579166666669,1.9575780101714817,0.7633694415039549,two
0.33541437930447054,10.609927083333336,2.1881899115350985,0.7342736868617458,0.3359842620757377,9.703204166666666,2.196300638064751,0.7144577263457588,0.33294798101101336,11.125128125,2.203489018347727,0.7144577263457588,0.33564218777452276,10.219539583333331,2.195979904891585,0.7269485819981638,two
0.3492174781993273,10.400115625,2.1401128790661312,0.7415625612958867,0.3499622442843965,9.437945833333332,2.1469238276620803,0.7217579019654449,0.34680611426513663,10.881891666666666,2.1545948332290235,0.7217579019654449,0.34948658495008694,10.028740104166667,2.1471330909510504,0.733981406108069,two
0.5860569740342884,5.431120833333334,1.3641348507670459,0.867274991930382,0.586434533676215,4.355309374999999,1.36570448022892,0.8457265412207403,0.5828411324395072,5.723413541666667,1.38175370919959,0.8457265412207403,0.5820660512820093,5.5419375,1.3837262988127257,0.8471655199537214,two
0.5610896583355028,5.973688541666665,1.4628092449029184,0.8438889224500403,0.5607651868831383,5.477347916666667,1.4701057996921107,0.8313372239530671,0.5583928336699759,6.3146489583333345,1.4761060553630758,0.8313372239530671,0.5589475134391276,5.892527083333335,1.4741534840711281,0.8363861222657798,two
0.3149321253564454,11.338397916666667,2.2676885152167983,0.7187276931168355,0.31548731965983073,10.360213541666665,2.2759712302409865,0.6979285629082069,0.31229356311333556,11.889407291666668,2.2835623797288758,0.6979285629082069,0.31541761755262576,10.890812499999996,2.2747347908078863,0.71202533304189,two
0.4890612798025174,7.21747604166667,1.659367781402519,0.8298827360610047,0.4906465449679907,5.705484375,1.6569630127484667,0.8007979016916507,0.4856394225404192,7.633931250000002,1.6780284569907096,0.8007979016916507,0.48547838191460485,7.380518750000002,1.6785426243397779,0.804023083001249,two
0.3270907919189453,10.926393749999999,2.222713009654403,0.7283441231102804,0.32773194469455313,9.917141666666668,2.230717787325943,0.7066231031261094,0.3245200749286567,11.506740624999999,2.2382357712559298,0.7066231031261094,0.3273245760476345,10.548572916666664,2.2309396770626884,0.7199608061119283,two
0.39449373126519116,9.244872916666663,1.9859960479732566,0.7667662301644708,0.39485223021809934,8.462220833333333,1.993667426407384,0.7497504792050699,0.3921145065242514,9.673297916666673,2.000408042813285,0.7497504792050699,0.3943956145410155,8.924447916666661,1.9936222055636794,0.7603499276985018,two
0.3346912783799911,10.771860416666671,2.2005827233636466,0.7307510874055207,0.33514706124457455,9.881836458333332,2.2083322534739205,0.7103273363506075,0.33207206156277114,11.37767083333333,2.215098995813729,0.7103273363506075,0.3349589249197048,10.407224999999997,2.2079397254544224,0.7236368951554332,two
0.3799400070898439,9.590835416666666,2.0431597389314167,0.7583625987424699,0.3804633377077908,8.695228125,2.05060104099239,0.7395002247528888,0.37747862075059707,10.05557916666667,2.058244270987707,0.7395002247528888,0.37969931958279074,9.320336458333331,2.05191495382321,0.7502308224940741,two
0.36104297770290794,9.99453333333333,2.1080374870027803,0.7472999035003991,0.36129383806532156,9.205766666666669,2.1167931413528325,0.7284523707087642,0.35848120001926,10.54864270833333,2.1229238743812635,0.7284523707087642,0.3610617858870441,9.656676041666666,2.116300906635068,0.7405468175235093,two
0.38048055494411887,9.718848958333332,2.0323292428010125,0.7584073505847753,0.38077948268663186,8.876689583333334,2.0395502816924,0.7406446607201091,0.37796395674180755,10.155719791666666,2.046180882261157,0.7406446607201091,0.38077076160970064,9.259874999999997,2.0379041397320967,0.753061346846971,two
0.386046189924045,9.902408333333332,2.022797714261801,0.7629402059041643,0.38700065890353735,8.650723958333336,2.0268829261599404,0.7372785174318379,0.38272699780300584,10.592320833333334,2.038199321900596,0.7372785174318379,0.38504398490180103,9.735403124999998,2.033544743332309,0.7482519197494389,two
0.5163246462944879,6.589640625000001,1.5577013499050898,0.8440077047709543,0.5179885681754557,5.221494791666666,1.5556920680512092,0.8179758411248685,0.5132250867651368,6.894796875,1.576411618757331,0.8179758411248685,0.5126623183143448,6.763476041666668,1.577202061813219,0.8196635896729346,two
0.5810777874989141,5.384399999999999,1.3699796490236886,0.8670637073167623,0.5816409880474175,4.281101041666668,1.3717007573810462,0.8448398603085348,0.5782367898391382,5.642930208333333,1.3871440082481232,0.8448398603085348,0.5774606039778643,5.501594791666667,1.388601177647916,0.8462485480328643,two
