,CP,CA,F,C,N,R,PRP,ASM,CON,E,ENG,IDM,DIV
0,0.010290793,115.9481727,0.330663359,38.00239623,0.290555091,1098418.199,2.083064536,0.689805501,0.08368125,3.436374642,0.866930744,0.964364269,0
1,0.008931215,130.1475465,0.413150607,30.41505879,0.350858739,1007858.608,1.934458465,0.660261921,0.060264583,2.845607803,0.936002947,0.971279387,0
2,1.007777778,31314.45882,16331.19916,0.000769447,1.25,342125.6,2.015555556,0.600539843,0.1170625,0.4,1.072731276,0.949843513,0
3,1.093714286,25547.54427,15961.13391,0.000787287,1,297804,1.914,0.709322589,0.079995833,0.5,0.798621032,0.966097541,0
4,1.093714286,30800.67678,19243.09129,0.000653014,1,359039,1.914,0.659238204,0.087547917,0.5,0.910428582,0.962985824,0
5,1.007777778,33242.57488,17336.75533,0.000724818,1.25,363191.2,2.015555556,0.582665472,0.10993125,0.4,1.090165106,0.951422892,0
6,1.007777778,34384.63876,17932.3675,0.000700744,1.25,375668.8,2.015555556,0.567041003,0.124327083,0.4,1.19953143,0.947455967,0
7,1.093714286,40856.82036,25525.78729,0.000492286,1,476262,1.914,0.561712035,0.123422917,0.5,1.207942483,0.947144945,0
8,1.093714286,34075.91718,21289.33691,0.000590249,1,397218,1.914,0.624811142,0.0784375,0.5,0.980753727,0.962724914,0
9,0.009778665,125.8203671,0.321565716,39.07754889,0.27958013,1375680.742,2.113272672,0.636097264,0.095545833,3.571802444,0.993635778,0.960499455,0
10,0.859866667,23132.44643,8242.116659,0.001524608,0.55172414,791087.3721,2.066862244,0.593876679,0.190883333,1.361806083,1.169394374,0.947452172,0
11,0.8056,21599.02632,10361.70915,0.001212734,0.833333333,401360.4,1.830909091,0.680740106,0.11620625,0.8,0.860644852,0.962491428,0
12,0.006849858,168.65129,0.499845732,25.13975652,0.401429146,1294071.458,1.860074003,0.531702908,0.1714625,2.487505802,1.279578713,0.941238852,0
13,0.007428284,148.809827,0.392434311,32.02064561,0.313712491,1644748.026,1.939237962,0.536167152,0.1615125,3.183636325,1.249124128,0.94131318,0
14,0.005986937,182.3301377,0.519623959,24.18287259,0.351392556,1877398.903,1.780481195,0.4438135,0.1869125,2.842391413,1.431576028,0.933401924,0
15,0.008286935,138.5426691,0.456452623,27.52969175,0.336229518,1179167.737,1.883773661,0.631298837,0.1059125,2.96962678,0.93494795,0.959929662,0
16,2.914,125031.9997,215108.9068,5.84E-05,0.666666629,872151.049,1.64840744,0.495168078,0.154666667,0.085786379,1.287613364,0.946685054,0
17,0.007081052,158.4642391,0.440915256,28.49980766,0.312761046,1745131.008,1.88184443,0.521053093,0.1591125,3.193323721,1.254088478,0.947857294,0
18,1.007777778,40170.67108,20949.91433,0.000599812,1.25,438884,2.015555556,0.519654722,0.1618875,0.4,1.256027745,0.944871978,0
19,0.108555525,1415.639362,21.64510977,0.580546836,0.23476249,2579061.933,2.352742907,0.46947384,0.2113375,4.217880157,1.497773201,0.930618111,0
20,0.006794126,163.7994972,0.44582501,28.18594675,0.339381293,1669184.518,1.8759499,0.506123867,0.163820833,2.942832794,1.289997007,0.941130985,0
21,0.007472166,149.5028287,0.442130161,28.42149461,0.308986203,1599087.579,1.873683077,0.556606501,0.127179167,3.232154096,1.150166294,0.952819706,0
22,0.008320908,128.8313082,0.392678822,32.00070721,0.262003751,1653751.133,1.866021409,0.59923804,0.140875,3.811911651,1.07403775,0.953996213,0
23,1.093714286,58096.2055,36296.2994,0.000346206,1,677219,1.914,0.442983463,0.1853125,0.5,1.387096401,0.937079891,0
24,0.006631647,168.5906709,0.454189069,27.66689219,0.365588408,1606161.431,1.851784001,0.490920741,0.144508333,2.731884257,1.334624325,0.948223415,0
25,1.093714286,50284.66407,31415.94544,0.000399988,1,586161,1.914,0.48961091,0.190595833,0.5,1.354141562,0.937479446,0
26,1.093714286,26897.56544,16804.57579,0.000747773,1,313541,1.914,0.688067988,0.076483333,0.5,0.905052508,0.965321327,0
27,0.011920126,103.6436182,0.31361547,40.06817645,3.67313286,72710.13877,2.111548129,0.731271274,0.052302083,0.270604733,0.759305525,0.974258811,0
28,0.705157895,23027.26488,8445.730816,0.001487852,1.333333333,361944,1.914,0.557293394,0.0943875,0.5,1.163779443,0.955830764,0
29,1.093714286,43823.40116,27379.19414,0.000458962,1,510843,1.914,0.528791475,0.118047917,0.5,1.380533015,0.947777252,0
30,1.093714286,8755.964329,5470.393463,0.002297093,1,102067,1.914,0.886827085,0.0169125,0.5,0.341236628,0.991200513,1
31,1.093714286,7522.097997,4699.520711,0.00267389,1,87684,1.914,0.904877206,0.0154375,0.5,0.291075026,0.992012698,1
32,0.018411316,66.93913783,0.170001357,73.91705692,0.145905866,1318905.16,2.350899821,0.802195085,0.0352375,6.843943071,0.557120503,0.983715303,1
33,5.046666667,33056.42857,12685.25715,0.000990599,0.2,1156975,2.523333333,0.766500246,0.040458333,3,0.64877835,0.981117123,1
34,0.014635295,68.3657641,0.252622469,49.74221037,0.101426998,2331272.794,1.790888942,0.762172051,0.109554167,9.847966561,0.676828036,0.972646834,1
35,1.093714286,21166.51669,13224.03452,0.00095024,1,246735,1.914,0.75161328,0.093525,0.5,0.689711527,0.973177934,1
36,0.011888246,98.64177078,0.281161022,44.69325049,0.214430274,1361803.977,2.10508564,0.716563041,0.062085417,4.656920279,0.744603915,0.974825813,1
37,0.011589289,79.59803355,0.273881823,45.88110255,0.141706724,2004110.964,1.823802127,0.721491146,0.0889875,7.048686744,0.746279896,0.973791204,1
38,0.011418335,104.3126268,0.287673893,43.68140559,0.207074302,1594548.413,2.100815269,0.684695831,0.080604167,4.822735402,0.847325124,0.968519029,1
39,0.0111675,83.83400272,0.283909178,44.26063328,0.152024307,1958798.608,1.830802922,0.709887525,0.089570833,6.570252556,0.756762257,0.973179779,1
40,0.013905476,65.61348954,0.240500217,52.24943313,0.104094961,2283722.46,1.782412096,0.760682346,0.098820833,9.595884497,0.669972465,0.975590831,1
41,0.01155432,87.8546173,0.321944584,39.03156205,0.162037314,1739117.938,1.845209278,0.725175836,0.0852625,6.16343805,0.736935936,0.972485758,1
42,0.55936,8087.592583,3243.780212,0.003873875,0.642857212,314096.1886,1.719683753,0.792074826,0.0763125,1.241285718,0.612268933,0.979084147,1
43,0.00972551,107.3765361,0.361122135,34.79709155,0.193414069,1876962.731,1.806950012,0.656128343,0.092658333,5.163980817,0.896126166,0.968250428,1
44,0.015399314,67.23301645,0.243816929,51.53866899,0.104888747,2122954.142,1.885083369,0.774839077,0.079135417,9.522187924,0.634479425,0.978109472,1
45,1.007777778,17081.53252,8908.405894,0.001410578,1.25,186624,2.015555556,0.765990112,0.088616667,0.4,0.634164309,0.978224511,1
46,1.007777778,18296.96348,8843.56333,0.00142092,0.8,289477.5,2.015555556,0.766358486,0.095670833,0.75,0.636208164,0.977547201,1
47,0.013774545,74.8922871,0.264725597,47.46802034,0.127033434,1941567.605,1.880667783,0.754349231,0.078866667,7.862190685,0.675487136,0.97601718,1
48,0.010676986,96.8884871,0.351691738,35.7301541,0.189131224,1619579.214,1.830859502,0.70217949,0.1142875,5.280375172,0.835999327,0.964394809,1
49,0.014572068,58.32641589,0.237466571,52.916922,0.099041099,2097260.664,1.715038004,0.786954876,0.0885625,10.08533777,0.610262426,0.977442783,1
50,0.013011559,69.37914545,0.254925711,49.29279175,0.106854495,2391616.751,1.77188512,0.741827522,0.0902125,9.348178084,0.725699648,0.972888574,1
51,1.093714286,24993.79282,15615.17106,0.00080473,1,291349,1.914,0.712444938,0.1013125,0.5,0.79994608,0.968891173,1
52,0.010706107,98.15323251,0.33727931,37.25695472,0.182016686,1790253.45,1.840676389,0.686227223,0.081145833,5.487140546,0.841229359,0.970080276,1
53,1.093714286,29064.10192,18158.14537,0.000692031,1,338796,1.914,0.675234751,0.128947917,0.5,0.880685312,0.959878894,1
54,0.010662878,86.55026433,0.342379008,36.70201653,0.171899006,1689608.375,1.712820712,0.716001189,0.101991667,5.810216371,0.753244827,0.967390543,1
55,0.009936451,93.61600697,0.319089432,39.38080913,0.163075667,2156925.101,1.766051983,0.663028348,0.124564583,6.12535411,0.93181637,0.959777928,1
56,1.093714286,19077.61693,11918.96941,0.001054286,1,222385,1.914,0.772542503,0.093658333,0.5,0.652268084,0.974963381,1
57,0.012069802,79.92497945,0.295193693,42.56866018,0.132325094,2085190.283,1.774767438,0.731183455,0.10783125,7.548282985,0.696242299,0.972760004,1
58,0.015017385,65.09027492,0.246773297,50.92123079,0.09555653,2422869.473,1.776740169,0.766581475,0.107441667,10.4531441,0.664470073,0.972433794,1
59,1.402424242,18396.23086,8993.077024,0.001397297,0.3,1277370,1.78,0.636822077,0.128154167,2.666666667,1.00512008,0.961596767,1
60,0.009769419,99.46731156,0.363851921,34.53602767,0.149725299,2461955.351,1.719277693,0.652423403,0.137577083,6.671497688,0.930174743,0.962794647,1
61,0.010738142,95.07674901,0.330047009,38.0733643,0.149292231,2244711.586,1.810388544,0.678119734,0.121641667,6.69046878,0.878944397,0.963817571,1
62,1.093714286,28626.24794,17884.59086,0.000702616,1,333692,1.914,0.680167761,0.1181375,0.5,0.85737923,0.967217823,1
63,0.009642002,108.1479804,0.367584214,34.18536356,0.182521187,2050107.197,1.816905856,0.649182534,0.092785417,5.472233455,0.893960103,0.966509164,1
64,0.008618946,116.7924464,0.403372817,31.15232226,0.22287887,1845778.382,1.748624397,0.613832543,0.095558333,4.481381975,1.025532426,0.96448088,1
65,1.093714286,35863.87811,22406.38689,0.000560822,1,418060,1.914,0.609181747,0.106529167,0.5,1.077442304,0.959498398,1
66,0.008139082,123.9689733,0.400962139,31.3396173,0.219282574,2026855.084,1.791333037,0.591053315,0.133516667,4.554988289,1.112449132,0.954319031,1
67,0.008838767,114.6836101,0.392466922,32.01798497,0.229666067,1693149.557,1.790966048,0.635975118,0.094741667,4.348712605,0.957128596,0.964650272,1
68,0.219643979,8479.749093,1100.969746,0.011413574,0.566037735,1089678.236,1.762786256,0.473985324,0.155670833,1.650413763,1.339010946,0.941920529,2
69,1.093714286,61858.79866,38647.02448,0.000325148,1,721079,1.914,0.394791183,0.170077083,0.5,1.61073305,0.929483378,2
70,0.890232558,46600.65666,22492.21784,0.000558682,1,655721,1.914,0.452795732,0.158808333,0.6,1.331635448,0.940312705,2
71,0.770029851,35829.64251,12892.83138,0.00097465,0.625,1092385.6,1.984307692,0.42626698,0.165979167,1.2,1.487658977,0.932697444,2
72,0.00627195,184.6769879,0.263391919,47.70837339,1.122958795,563381.3128,2.568331252,0.466675903,0.155470833,0.888737048,1.332209108,0.946991288,2
73,2.247333333,62997.29323,42581.26217,0.000295106,0.375000021,1642962.574,1.733568847,0.471109378,0.166629167,1.723857433,1.391916529,0.938890802,2
74,0.625517241,25110.76244,6100.394482,0.002059867,0.636363636,1004130.286,2.015555556,0.45749981,0.140383333,1.285714286,1.374357119,0.943885514,2
75,1.093714286,46816.66154,29249.26937,0.000429618,1,545735,1.914,0.516670779,0.136929167,0.5,1.273975456,0.948956343,2
76,0.006238532,165.5246561,0.248808906,50.50462308,1.072613831,529097.2235,2.564444535,0.506595034,0.141833333,0.930450824,1.261862336,0.947873425,2
77,1.093714286,56264.66506,35152.0226,0.000357476,1,655869,1.914,0.448282835,0.178879167,0.5,1.407682456,0.934615178,2
78,0.839166667,45636.58299,22803.33779,0.00055106,1.5,490714.6667,1.801376528,0.401019537,0.1582875,0.368524242,1.500009828,0.937745441,2
79,1.093714286,55193.19245,34482.60727,0.000364416,1,643379,1.914,0.45434955,0.1567875,0.5,1.399175336,0.940396401,2
80,1.093714286,60234.1751,37632.02148,0.000333918,1,702141,1.914,0.410467351,0.21835,0.5,1.59857022,0.921472373,2
81,1.093714286,65458.74073,40896.13136,0.000307266,1,763043,1.914,0.366644987,0.231225,0.5,1.733935182,0.912165474,2
82,1.093714286,64573.3389,40342.96598,0.000311479,1,752722,1.914,0.383990976,0.192233333,0.5,1.625313586,0.923525158,2
83,0.602834646,25785.22286,6361.711666,0.001975255,0.636363636,1165776.857,2.126666667,0.3898068,0.197175,1.285714286,1.610628708,0.925892487,2
84,0.8656,42113.43806,25577.03526,0.0004913,0.750000042,813366.621,1.74877622,0.474966373,0.143625,0.861928716,1.353200921,0.943216675,2
85,0.006535176,190.816811,0.215079396,58.42493631,1.195366817,589131.2942,2.77881906,0.412004651,0.2190875,0.834972035,1.554207095,0.919381309,2
86,1.093714286,59639.76088,37260.65408,0.000337246,1,695212,1.914,0.41992086,0.176220833,0.5,1.491779074,0.932401544,2
87,1.093714286,56975.23412,35595.95912,0.000353018,1,664152,1.914,0.440451783,0.161829167,0.5,1.442702037,0.94063995,2
88,1.093714286,57165.7658,35714.99606,0.000351841,1,666373,1.914,0.439218683,0.166933333,0.5,1.427800246,0.941154357,2
89,1.007777778,51511.2197,24897.17674,0.000504716,0.8,814962.5,2.015555556,0.443598359,0.187058333,0.75,1.485060104,0.931106451,2
90,1.093714286,72627.14124,45374.67534,0.000276939,1,846604,1.914,0.320315993,0.233416667,0.5,1.875693161,0.907661602,2
91,1.093714286,63427.74682,39627.24361,0.000317105,1,739368,1.914,0.382389379,0.2233375,0.5,1.696617014,0.916046827,2
92,0.00648688,188.605127,0.20747094,60.56751854,0.867598373,803991.8263,2.847627532,0.416893711,0.2417125,1.150720914,1.559575501,0.919613382,2
93,1.093714286,69826.5572,43624.97695,0.000288046,1,813958,1.914,0.352429525,0.241833333,0.5,1.706514712,0.912371256,2
94,1.093714286,53328.88159,33317.85675,0.000377155,1,621647,1.914,0.470014465,0.148908333,0.5,1.338133408,0.945055983,2
95,1.007777778,47551.72664,24799.3019,0.000506708,1.25,519525.6,2.015555556,0.453209793,0.178116667,0.4,1.38994048,0.939449524,2
96,0.006459056,205.7743897,0.180862591,69.47815992,1.112096523,742045.3016,3.021480581,0.34342453,0.274629167,0.897686833,1.760876414,0.907424006,2
97,1.093714286,64870.07419,40528.3549,0.000310055,1,756181,1.914,0.392615158,0.221429167,0.5,1.558666853,0.920158405,2
98,1.093714286,64905.24663,40550.3293,0.000309887,1,756591,1.914,0.39387382,0.234554167,0.5,1.536600302,0.923289784,2
99,1.093714286,62158.45068,38834.23567,0.00032358,1,724572,1.914,0.400619715,0.218504167,0.5,1.597253288,0.923639547,2
100,1.093714286,49989.47293,31231.52124,0.00040235,1,582720,1.914,0.486829685,0.12325,0.5,1.365688904,0.945314274,2
101,2.329777778,140766.2599,90930.94215,0.000138193,0.666666667,1193053.5,2.0968,0.354526134,0.233304167,0.5,1.711020204,0.909426107,2
102,1.093714286,55306.00162,34553.08614,0.000363672,1,644694,1.914,0.437910176,0.14065,0.5,1.502046104,0.937617912,2
103,0.005889273,196.4009666,0.252435474,49.77905752,1.118781609,649784.546,2.608202545,0.422093815,0.178133333,0.892187274,1.398138177,0.932529787,2
104,1.093714286,78132.40009,48814.15166,0.000257425,1,910778,1.914,0.304256553,0.231716667,0.5,1.804307469,0.90652478,2
105,1.093714286,44064.28947,27529.69199,0.000456453,1,513651,1.914,0.529807597,0.191679167,0.5,1.321814875,0.93858923,3
106,0.46722963,15035.32473,1840.476095,0.006827581,0.697802154,835081.9731,2.327434189,0.476686649,0.276095833,1.253515735,1.52942921,0.919170783,3
107,1.093714286,37848.71892,23646.43993,0.000531412,1,441197,1.914,0.582381022,0.209995833,0.5,1.209037163,0.945244699,3
108,1.093714286,42971.62762,26847.03843,0.000468059,1,500914,1.914,0.541944471,0.215941667,0.5,1.262064738,0.944193562,3
109,1.093714286,41264.64908,25780.58317,0.000487421,1,481016,1.914,0.560917905,0.1799375,0.5,1.176078926,0.952306334,3
110,1.093714286,41939.35941,26202.11652,0.00047958,1,488881,1.914,0.554947684,0.21165,0.5,1.192088281,0.948945657,3
111,1.093714286,39985.74487,24981.57246,0.000503011,1,466108,1.914,0.565435896,0.203279167,0.5,1.230506293,0.944131177,3
112,1.093714286,38416.8825,24001.40693,0.000523553,1,447820,1.914,0.571957051,0.208425,0.5,1.26600091,0.942780256,3
113,1.007777778,29978.49963,15634.46619,0.000803737,1.25,327529.6,2.015555556,0.601626011,0.1971875,0.4,1.187779145,0.946736375,3
114,1.093714286,39683.69082,24792.86058,0.000506839,1,462587,1.914,0.573553736,0.140133333,0.5,1.12006269,0.956471868,3
115,1.093714286,36326.18123,22695.21629,0.000553685,1,423449,1.914,0.597505161,0.172233333,0.5,1.1315297,0.953165763,3
116,0.357914286,8892.454829,1944.37277,0.006462753,0.61538459,631320.6509,1.77849044,0.621505409,0.157716667,1.438661058,1.118310101,0.954034562,3
117,1.007777778,30266.92039,14629.06277,0.000858975,0.8,478855,2.015555556,0.62387981,0.142729167,0.75,1.09611828,0.957156256,3
118,0.008850293,127.2754521,0.089698862,140.0909634,0.858509493,515095.0611,3.647330941,0.592478374,0.149858333,1.162803148,1.068697709,0.960179013,3
119,0.844923077,23998.71527,9306.447467,0.001350247,0.833333333,428893.2,1.997090909,0.647993967,0.131116667,0.8,1.000142264,0.960757698,3
120,0.8656,27420.1094,16653.23795,0.000754568,0.750000042,529583.9702,1.74877622,0.613228174,0.165341667,0.861928716,1.1490629,0.950642841,3
121,0.419826087,6455.536664,1100.37939,0.011419698,2.365217299,169147.2492,1.856622189,0.61402096,0.170958333,0.344631299,1.12761711,0.951443997,3
122,1.093714286,31070.30355,19411.54384,0.000647347,1,362182,1.914,0.647613669,0.119883333,0.5,1.017825801,0.959556465,3
123,1.093714286,32466.30625,20283.71323,0.000619512,1,378455,1.914,0.640643228,0.1412375,0.5,0.957487201,0.964630668,3
124,1.093714286,24365.1498,15222.41882,0.000825493,1,284021,1.914,0.723556459,0.072958333,0.5,0.693784705,0.979384035,3
125,0.697189189,18894.87726,6952.533267,0.001807399,1.166666667,315576,1.984307692,0.643636673,0.128725,0.571428571,0.998046329,0.960007416,3
126,0.500106464,6400.25892,1136.45948,0.011057147,0.285714295,1368993.454,1.815466394,0.622995129,0.121066667,3.251547885,1.070962418,0.959555592,3
127,0.665707865,14613.37259,4741.703748,0.002650102,1.142857143,289756.25,1.974933333,0.672568924,0.141591667,0.625,0.934294446,0.961605282,3
128,1.093714286,36713.76435,22937.36349,0.00054784,1,427967,1.914,0.597013087,0.195216667,0.5,1.104346784,0.953357755,3
129,0.009556316,126.4153239,0.080257012,156.5719898,1.212323614,360680.923,3.892032325,0.594628171,0.161802083,0.823145507,1.05332273,0.959947721,3
130,0.883384615,29997.32842,12371.52895,0.001015719,0.599999973,865608.3722,2.030103604,0.532571982,0.1791625,1.195262199,1.229955229,0.949131356,3
131,0.009010281,133.3746086,0.068182276,184.3000963,0.911668926,559619.8197,4.059974838,0.538978069,0.1950125,1.095133516,1.23337014,0.948834283,3
132,1.093714286,41715.97153,26062.55227,0.000482148,1,486277,1.914,0.550978481,0.174975,0.5,1.2357559,0.946980108,3
133,1.093714286,41166.68097,25719.37642,0.000488581,1,479874,1.914,0.554652467,0.183370833,0.5,1.218480121,0.945728481,3
134,1.093714286,42557.27912,26588.16925,0.000472616,1,496084,1.914,0.550902379,0.204791667,0.5,1.191843366,0.949070164,3
135,1.093714286,41177.74742,25726.29031,0.00048845,1,480003,1.914,0.555103262,0.157441667,0.5,1.234780981,0.949672526,3
136,1.093714286,41959.94816,26214.97958,0.000479344,1,489121,1.914,0.553572034,0.146708333,0.5,1.162775543,0.952597491,3
137,1.093714286,40380.70563,25228.32892,0.000498091,1,470712,1.914,0.57031252,0.204854167,0.5,1.114951579,0.954569499,3
138,1.093714286,41833.8421,26136.19331,0.000480789,1,487651,1.914,0.55500615,0.176954167,0.5,1.179478767,0.951602715,3
139,0.008825983,118.62446,0.061915628,202.9536072,0.910553187,500884.5242,3.963998653,0.577723898,0.220170833,1.096504475,1.150430678,0.951385865,3
140,1.093714286,37282.52843,23292.70565,0.000539482,1,434597,1.914,0.580235258,0.163625,0.5,1.21976326,0.948234654,3
141,0.712375,11005.33236,2253.032764,0.005577371,0.321428554,1159480.065,2.268378936,0.63978141,0.177891667,2.702023802,1.002875812,0.955164827,3
142,1.093714286,56326.94601,35190.93337,0.000357081,1,656595,1.914,0.432263158,0.212008333,0.5,1.650068912,0.927658202,4
143,1.093714286,59952.53823,37456.06548,0.000335486,1,698858,1.914,0.393221866,0.231616667,0.5,1.815973572,0.917022595,4
144,0.005090147,235.9396821,0.589863891,21.30321958,0.962317929,809802.0168,2.035882121,0.362036156,0.209283333,1.037119808,1.815684344,0.920346405,4
145,1.093714286,70811.81443,44240.5282,0.000284038,1,825443,1.914,0.334487795,0.227229167,0.5,1.892370015,0.919448564,4
146,1.093714286,61513.1651,38431.08578,0.000326975,1,717050,1.914,0.403844448,0.1808625,0.5,1.604215632,0.93055307,4
147,0.8656,66350.17817,40296.89629,0.000311835,0.750000042,1281467.928,1.74877622,0.272159917,0.224558333,0.861928716,2.033744464,0.912574991,4
148,1.093714286,77625.91696,48497.72027,0.000259105,1,904874,1.914,0.28816177,0.289691667,0.5,2.07991853,0.903851512,4
149,1.093714286,80790.40707,50474.77332,0.000248956,1,941762,1.914,0.271574693,0.259570833,0.5,2.064065147,0.904219183,4
150,0.839166667,60757.98842,30359.08568,0.000413912,1.5,653310,1.801376528,0.257064305,0.1863,0.368524242,2.021021912,0.920330711,4
151,1.093714286,54275.53493,33909.28975,0.000370577,1,632682,1.914,0.463429874,0.129920833,0.5,1.37167413,0.947713315,4
152,1.007777778,51194.71136,24744.19717,0.000507836,0.8,809955,2.015555556,0.4431627,0.142695833,0.75,1.539711441,0.941332014,4
153,0.005107587,225.5714238,0.68271713,18.40586598,1.00390712,690898.5761,1.877026799,0.42713219,0.099433333,0.994010825,1.43937331,0.957790947,4
154,1.007777778,60090.046,31338.31928,0.000400979,1.25,656512.8,2.015555556,0.341376731,0.164020833,0.4,1.787367837,0.931461496,4
155,1.093714286,86818.01954,54240.59632,0.000231671,1,1012025,1.914,0.23067169,0.369658333,0.5,2.348056289,0.882667834,4
156,1.093714286,70140.44977,43821.08509,0.000286757,1,817617,1.914,0.345604486,0.175766667,0.5,1.782093478,0.928205543,4
157,0.890232558,57077.50842,29506.80722,0.000425868,1,860219,1.914,0.312176371,0.2179625,0.6,1.97004728,0.917442254,4
158,1.093714286,79035.47392,49378.35784,0.000254484,1,921305,1.914,0.290259163,0.185816667,0.5,1.927971625,0.920565308,4
159,1.093714286,57483.51877,35913.51603,0.000349896,1,670077,1.914,0.431529948,0.141679167,0.5,1.553646392,0.939285589,4
160,1.093714286,74322.88175,46434.10951,0.00027062,1,866371,1.914,0.318249305,0.144066667,0.5,1.870820786,0.936703024,4
161,1.093714286,74205.95484,46361.05802,0.000271046,1,865008,1.914,0.303710514,0.253695833,0.5,2.015218685,0.910050287,4
162,1.007777778,55993.42177,29201.837,0.000430315,1.25,611755.2,2.015555556,0.369114416,0.209870833,0.4,1.755169123,0.922107396,4
163,1.093714286,83084.76535,51908.2011,0.000242081,1,968507,1.914,0.263204732,0.276304167,0.5,2.11677734,0.901404802,4
164,1.093714286,88864.88394,55519.39934,0.000226335,1,1035885,1.914,0.234025902,0.222420833,0.5,2.13569779,0.909942615,4
165,1.093714286,84503.93038,52794.84144,0.000238016,1,985050,1.914,0.257165995,0.205004167,0.5,2.092190997,0.918243734,4
166,0.005205437,249.3747577,0.497532127,25.25666048,1.139742578,786831.1818,2.174277503,0.303334654,0.1699875,0.875675696,1.898970895,0.929107257,4
167,1.093714286,80105.74551,50047.02282,0.000251084,1,933781,1.914,0.286306962,0.1842875,0.5,1.946352628,0.92363935,4
168,0.004684679,261.26794,0.539151293,23.3070015,1.122070972,895183.1257,2.033395207,0.261824166,0.1953625,0.889619645,1.983321157,0.92112816,4
169,1.093714286,58371.66575,36468.39649,0.000344572,1,680430,1.914,0.426358715,0.157958333,0.5,1.546411908,0.937212285,4
170,1.093714286,59860.66095,37398.66405,0.000336001,1,697787,1.914,0.410135678,0.2066375,0.5,1.676280199,0.927444082,4
171,0.00424903,259.4163737,0.717396829,17.51610753,0.977122463,940178.9798,1.839005336,0.305445702,0.2910625,1.021557938,1.844862929,0.896989571,5
172,0.004090806,259.8570151,0.786396505,15.9792165,1.031785547,876897.3382,1.768379952,0.305656399,0.2728375,0.96736198,1.886826013,0.902933893,5
173,0.004318085,253.2584488,0.676892097,18.56425871,0.960572327,925163.0255,1.852780455,0.3267201,0.21799375,1.039183962,1.702025383,0.912944421,5
174,0.004288549,237.9147361,0.789947751,15.9073812,0.939974977,843562.8816,1.775043259,0.36282854,0.318066667,1.061795092,1.721572095,0.898644769,5
175,0.004198921,250.9486909,0.717081737,17.52380426,0.989954902,903377.516,1.823768715,0.300186701,0.45345,1.008294898,2.022186543,0.867295632,5
176,0.004295492,244.9598106,0.758374008,16.5696607,0.962972971,850220.125,1.773177244,0.353752602,0.259320833,1.036488051,1.689283168,0.907151719,5
177,0.004307938,258.0987408,0.653813766,19.21954025,0.98557345,960380.984,1.877539127,0.284573176,0.327525,1.01286403,1.959442744,0.884699074,5
178,7.656,356248.9307,737534.6895,1.70E-05,2,430030.5,1.804536689,0.349047834,0.1941875,0.914213706,1.59863417,0.922572766,5
179,0.004218867,272.9598929,0.654075421,19.21185171,1.069836869,930071.7039,1.931290779,0.27416526,0.222591667,0.933012739,1.852769102,0.91080259,5
180,1.093714286,69702.16686,43547.2626,0.00028856,1,812508,1.914,0.34423197,0.3681875,0.5,1.867737111,0.882280939,5
181,0.004471784,236.9027855,0.756350437,16.61399186,1.036646004,741614.7818,1.793238094,0.375076723,0.261802083,0.962677885,1.687934173,0.906699078,5
182,0.004403879,252.8264723,0.692269086,18.15190111,1.020411548,855824.3011,1.876313861,0.319953458,0.313970833,0.978130546,1.844015871,0.892720307,5
183,0.005139601,214.8700292,0.684217226,18.36551249,0.958719119,658093.6869,1.860487476,0.464772828,0.14775625,1.040825071,1.37182831,0.941678208,5
184,1.007777778,65218.02209,31522.15444,0.00039864,0.8,1031818.75,2.015555556,0.348609043,0.185995833,0.75,1.71479264,0.925148573,5
185,1.093714286,56279.93505,35161.5627,0.000357379,1,656047,1.914,0.449300981,0.136539583,0.5,1.374070283,0.944511241,5
186,0.005306684,205.7138863,0.696902091,18.03122728,1.010460292,577303.2398,1.842053815,0.494281617,0.135945833,0.987387859,1.290780211,0.94802275,5
187,5.656,274977.3333,324038.3443,3.88E-05,1,824932,2.828,0.344710829,0.3506125,1,1.797720332,0.887529792,5
188,1.61225,44383.89494,14821.06919,0.000847847,3.53846127,221805.7342,2.186101704,0.376140001,0.245089583,0.065217408,1.541482584,0.914278002,5
189,2.247333333,103610.059,60394.02484,0.000208067,0.263157888,3320611.09,2.025718893,0.341903962,0.177620833,2.357779561,1.59341351,0.930130715,5
190,1.093714286,84003.02338,52481.89379,0.000239435,1,979211,1.914,0.276044768,0.335441667,0.5,1.918917123,0.886537516,5
191,0.004441911,251.4699411,0.684362465,18.36161484,1.013871051,856818.0331,1.863942278,0.353398541,0.1793125,0.984464677,1.552267649,0.929112409,5
192,0.004472653,239.5203931,0.707547525,17.75993775,0.962264109,841379.1933,1.841566455,0.367117141,0.157666667,1.03723504,1.553083887,0.935470834,5
193,0.004194183,257.5138011,0.736197365,17.06879241,1.102261082,822723.4134,1.811872259,0.310242045,0.27770625,0.905469413,1.808037209,0.899407596,5
194,1.093714286,72979.98086,45595.11611,0.0002756,1,850717,1.914,0.33470669,0.259022917,0.5,1.748118956,0.906203473,5
195,3.828,203867.125,185141.3069,6.79E-05,2,431797.5,1.9021486,0.331830127,0.28208125,0.245356035,1.74421761,0.904705676,5
196,0.004672372,243.4098249,0.63922446,19.65819642,0.985640139,837703.3029,1.933460186,0.346954751,0.232241667,1.01263545,1.759709677,0.913279599,5
197,0.003983441,263.9543826,0.768511329,16.35109272,1.019390701,948842.283,1.781280611,0.275118613,0.359625,0.979203543,1.983548362,0.879139547,5
198,0.004314925,249.8423756,0.746909978,16.82398196,0.985714318,859677.0729,1.786371428,0.343316976,0.3016,1.012586558,1.671660284,0.899381095,5
199,2.621,109720.1247,98198.2699,0.000127966,1.5,572624,2.0968,0.339280923,0.283245833,0,1.707292693,0.905943357,5
200,0.004659489,250.8443927,0.620898695,20.23840619,1.019797374,829650.1066,1.95494971,0.33741032,0.2408875,0.978715552,1.753160735,0.908560341,5
201,0.007102085,172.8310845,0.388871253,32.31403681,2.724361226,213720.5575,2.084294098,0.496387165,0.14005,0.365744733,1.30344931,0.944008009,6
202,0.341895692,13028.84485,1720.14237,0.007305209,2.363636364,329147.9231,2.037513514,0.378516907,0.177704167,0.346153846,1.551201022,0.932659235,6
203,0.007134934,207.4068295,0.278040961,45.19477977,0.400120814,2030281.785,2.451972055,0.356215847,0.202229167,2.496413085,1.640949131,0.922879631,6
204,4.437333333,171189.2706,214338.5612,5.86E-05,0.5,1511332,2.218666667,0.392357652,0.18265,0,1.550553496,0.936284921,6
205,0.006033617,203.8102485,0.399354121,31.46580777,2.567141122,308114.343,2.046631384,0.380487452,0.183695833,0.38839829,1.544785871,0.935356957,6
206,0.006913292,187.6493137,0.337759839,37.20394952,0.368856642,1894866.245,2.206136668,0.41860209,0.1859125,2.707869294,1.5065886,0.926524072,6
207,0.618285714,38832.61119,15995.13845,0.000785614,0.749999944,1144476.086,1.74877622,0.342555704,0.184075,1.019063715,1.650095246,0.925693577,6
208,1.007777778,60233.21316,29112.82168,0.000431631,0.8,952953.75,2.015555556,0.380369063,0.1798625,0.75,1.620049438,0.92725106,6
209,3.494666667,142876.454,95203.97127,0.00013199,0.39999996,2081862.711,2.118087917,0.346901651,0.220954167,1.085786547,1.698533572,0.915008106,6
210,0.7863,33941.03118,9598.373455,0.00130918,0.615384528,1227864.8,2.118087883,0.380983162,0.219345833,1.271446805,1.664598137,0.919436002,6
211,0.205795215,7440.200266,722.0694441,0.017402758,0.494117665,1344604.833,1.893227801,0.423551041,0.179433333,1.91733002,1.648694325,0.926096626,6
212,0.446281481,19098.31533,2808.303305,0.004474588,0.771428645,1051565.826,2.172881134,0.359974733,0.195675,1.130661509,1.651560426,0.922367251,6
213,0.431366667,25100.97747,3603.413151,0.003487249,0.6875,1117634.909,1.917185185,0.368512504,0.178570833,1.272727273,1.726734966,0.923490921,6
214,0.137429749,4737.956613,255.3427716,0.04921228,1.696787263,402807.7149,2.052946356,0.41601857,0.162033333,0.553767302,1.569774528,0.931725863,6
215,0.737028571,39086.90994,13479.74384,0.000932214,1.166666667,611846.5714,1.984307692,0.404818899,0.1729125,0.571428571,1.570069666,0.929938855,6
216,0.326388206,12552.56246,1866.372767,0.006732846,0.655172354,1000100.196,1.95691816,0.448821353,0.160566667,1.377451323,1.427528216,0.940247518,6
217,0.786469799,14258.60135,2440.009869,0.005149979,0.189189194,3523504.628,2.216284558,0.44003167,0.14575,4.810190835,1.431792418,0.938474166,6
218,0.665660377,28528.84132,7564.122247,0.001661263,1.666666667,449541.6,2.205,0.377518795,0.1548625,0.4,1.651972116,0.931420648,6
219,1.093714286,72151.7128,45077.64573,0.000278763,1,841062,1.914,0.337448512,0.223766667,0.5,1.770085842,0.917641116,6
220,1.093714286,60705.05686,37926.21049,0.000331328,1,707630,1.914,0.396085324,0.198904167,0.5,1.672196857,0.921608055,6
221,1.007777778,64515.63587,31182.66657,0.00040298,0.8,1020706.25,2.015555556,0.355519178,0.178708333,0.75,1.659079781,0.927621945,6
222,0.00796684,157.5757111,0.375638579,33.45236807,0.328191491,1542383.072,2.097147564,0.548295602,0.120595833,3.042876652,1.189968628,0.954495249,6
223,1.093714286,64781.28523,40472.88293,0.000310479,1,755146,1.914,0.387536228,0.199679167,0.5,1.594173026,0.926896721,6
224,1.093714286,63954.38976,39956.27009,0.000314494,1,745507,1.914,0.398525487,0.192029167,0.5,1.54134749,0.930152926,6
225,0.008258553,149.3174301,0.372123543,33.76835525,0.336718396,1379401.913,2.054295649,0.579052592,0.1246625,2.965722272,1.103483464,0.955316061,6
226,1.093714286,70314.68203,43929.93878,0.000286046,1,819648,1.914,0.34201393,0.197908333,0.5,1.760521637,0.919476082,6
227,1.093714286,64484.46415,40287.44041,0.000311909,1,751686,1.914,0.387618958,0.189541667,0.5,1.592683381,0.928232683,6
228,0.008521873,205.6195234,0.198539834,63.29208475,0.441143846,1794552.97,2.903822364,0.361307704,0.251954167,2.26415399,1.713349327,0.909015254,6
229,1.093714286,59387.46296,37103.02794,0.000338679,1,692271,1.914,0.426547461,0.169425,0.5,1.46028515,0.938332235,6
230,0.740903226,46001.20426,19159.86845,0.00065585,1,804344,1.914,0.355091888,0.210516667,0.666666667,1.719142971,0.918652032,6
231,0.490861314,27027.55629,8696.119076,0.001445012,0.687500053,1138031.913,1.761167413,0.368706801,0.230166667,1.197415598,1.69267577,0.920801922,6
232,1.007777778,61826.75634,32244.05303,0.000389715,1.25,675487.2,2.015555556,0.349235053,0.198775,0.4,1.63924438,0.925832093,6
233,0.505439153,15326.76216,3128.606139,0.004016485,0.506666676,1121070.374,1.993825869,0.500938691,0.134666667,1.725421531,1.336724413,0.949848183,6
234,0.953090909,59961.75877,23404.96936,0.000536895,0.666666667,1228333.5,2.0968,0.354112658,0.197,1,1.676428755,0.921445627,6
235,0.008138563,186.9312464,0.244834693,51.32442566,0.380730926,1843989.949,2.546945187,0.413890729,0.213129167,2.62344941,1.576060166,0.923424352,6
236,1.007777778,58321.19062,30415.82116,0.00041314,1.25,637187.2,2.015555556,0.358162503,0.204825,0.4,1.726282166,0.921285406,6
237,1.093714286,61955.65155,38707.53448,0.00032464,1,722208,1.914,0.395324722,0.2045125,0.5,1.659141831,0.922704172,6
238,0.839166667,46554.86738,23262.17909,0.00054019,0.666666667,1126324.5,1.801376528,0.38532636,0.193675,1.052786363,1.606116115,0.920681048,6
239,1.093714286,62367.25487,38964.68859,0.000322497,1,727006,1.914,0.394734083,0.202525,0.5,1.67590353,0.925149627,6
240,0.844923077,25861.95533,11375.80543,0.001104625,1.2,364070,1.997090909,0.589698971,0.1354375,0.5,1.185268189,0.944000562,6
